-- MySQL dump 10.13  Distrib 8.0.46, for Win64 (x86_64)
--
-- Host: localhost    Database: automotive_store
-- ------------------------------------------------------
-- Server version	8.0.46

/*!40101 SET @OLD_CHARACTER_SET_CLIENT=@@CHARACTER_SET_CLIENT */;
/*!40101 SET @OLD_CHARACTER_SET_RESULTS=@@CHARACTER_SET_RESULTS */;
/*!40101 SET @OLD_COLLATION_CONNECTION=@@COLLATION_CONNECTION */;
/*!50503 SET NAMES utf8 */;
/*!40103 SET @OLD_TIME_ZONE=@@TIME_ZONE */;
/*!40103 SET TIME_ZONE='+00:00' */;
/*!40014 SET @OLD_UNIQUE_CHECKS=@@UNIQUE_CHECKS, UNIQUE_CHECKS=0 */;
/*!40014 SET @OLD_FOREIGN_KEY_CHECKS=@@FOREIGN_KEY_CHECKS, FOREIGN_KEY_CHECKS=0 */;
/*!40101 SET @OLD_SQL_MODE=@@SQL_MODE, SQL_MODE='NO_AUTO_VALUE_ON_ZERO' */;
/*!40111 SET @OLD_SQL_NOTES=@@SQL_NOTES, SQL_NOTES=0 */;

--
-- Table structure for table `admins`
--

DROP TABLE IF EXISTS `admins`;
/*!40101 SET @saved_cs_client     = @@character_set_client */;
/*!50503 SET character_set_client = utf8mb4 */;
CREATE TABLE `admins` (
  `id` int NOT NULL AUTO_INCREMENT,
  `username` varchar(100) DEFAULT NULL,
  `password` varchar(255) DEFAULT NULL,
  PRIMARY KEY (`id`)
) ENGINE=InnoDB AUTO_INCREMENT=2 DEFAULT CHARSET=utf8mb4 COLLATE=utf8mb4_0900_ai_ci;
/*!40101 SET character_set_client = @saved_cs_client */;

--
-- Dumping data for table `admins`
--

LOCK TABLES `admins` WRITE;
/*!40000 ALTER TABLE `admins` DISABLE KEYS */;
INSERT INTO `admins` VALUES (1,'admin','$2b$10$zj3A89i2mAn5lHs/RLRm1eGNxn6X9CGyfgKtfRU7RRj6/1hPIyIKW');
/*!40000 ALTER TABLE `admins` ENABLE KEYS */;
UNLOCK TABLES;

--
-- Table structure for table `brands`
--

DROP TABLE IF EXISTS `brands`;
/*!40101 SET @saved_cs_client     = @@character_set_client */;
/*!50503 SET character_set_client = utf8mb4 */;
CREATE TABLE `brands` (
  `id` int NOT NULL AUTO_INCREMENT,
  `name` varchar(100) NOT NULL,
  PRIMARY KEY (`id`),
  UNIQUE KEY `name` (`name`)
) ENGINE=InnoDB AUTO_INCREMENT=31 DEFAULT CHARSET=utf8mb4 COLLATE=utf8mb4_0900_ai_ci;
/*!40101 SET character_set_client = @saved_cs_client */;

--
-- Dumping data for table `brands`
--

LOCK TABLES `brands` WRITE;
/*!40000 ALTER TABLE `brands` DISABLE KEYS */;
INSERT INTO `brands` VALUES (24,'Bajaj'),(30,'BMW Motorrad'),(21,'Hero'),(6,'Honda'),(22,'Honda Bike'),(2,'Hyundai'),(29,'Jawa'),(7,'Kia'),(28,'KTM'),(4,'Mahindra'),(1,'Maruti Suzuki'),(8,'MG'),(25,'Royal Enfield'),(10,'Skoda'),(27,'Suzuki Bike'),(3,'Tata'),(5,'Toyota'),(23,'TVS'),(9,'Volkswagen'),(26,'Yamaha');
/*!40000 ALTER TABLE `brands` ENABLE KEYS */;
UNLOCK TABLES;

--
-- Table structure for table `cart`
--

DROP TABLE IF EXISTS `cart`;
/*!40101 SET @saved_cs_client     = @@character_set_client */;
/*!50503 SET character_set_client = utf8mb4 */;
CREATE TABLE `cart` (
  `id` int NOT NULL AUTO_INCREMENT,
  `user_id` int DEFAULT NULL,
  `product_id` int DEFAULT NULL,
  `quantity` int DEFAULT '1',
  PRIMARY KEY (`id`),
  KEY `user_id` (`user_id`),
  KEY `product_id` (`product_id`),
  CONSTRAINT `cart_ibfk_1` FOREIGN KEY (`user_id`) REFERENCES `users` (`id`),
  CONSTRAINT `cart_ibfk_2` FOREIGN KEY (`product_id`) REFERENCES `products` (`id`)
) ENGINE=InnoDB AUTO_INCREMENT=127 DEFAULT CHARSET=utf8mb4 COLLATE=utf8mb4_0900_ai_ci;
/*!40101 SET character_set_client = @saved_cs_client */;

--
-- Dumping data for table `cart`
--

LOCK TABLES `cart` WRITE;
/*!40000 ALTER TABLE `cart` DISABLE KEYS */;
/*!40000 ALTER TABLE `cart` ENABLE KEYS */;
UNLOCK TABLES;

--
-- Table structure for table `categories`
--

DROP TABLE IF EXISTS `categories`;
/*!40101 SET @saved_cs_client     = @@character_set_client */;
/*!50503 SET character_set_client = utf8mb4 */;
CREATE TABLE `categories` (
  `id` int NOT NULL AUTO_INCREMENT,
  `name` varchar(100) NOT NULL,
  PRIMARY KEY (`id`)
) ENGINE=InnoDB AUTO_INCREMENT=11 DEFAULT CHARSET=utf8mb4 COLLATE=utf8mb4_0900_ai_ci;
/*!40101 SET character_set_client = @saved_cs_client */;

--
-- Dumping data for table `categories`
--

LOCK TABLES `categories` WRITE;
/*!40000 ALTER TABLE `categories` DISABLE KEYS */;
INSERT INTO `categories` VALUES (1,'Engine Parts'),(2,'Brake System'),(3,'Suspension'),(4,'Electrical'),(5,'Filters'),(6,'Cooling System'),(7,'Transmission'),(8,'Body Parts'),(9,'Lighting'),(10,'Accessories');
/*!40000 ALTER TABLE `categories` ENABLE KEYS */;
UNLOCK TABLES;

--
-- Table structure for table `models`
--

DROP TABLE IF EXISTS `models`;
/*!40101 SET @saved_cs_client     = @@character_set_client */;
/*!50503 SET character_set_client = utf8mb4 */;
CREATE TABLE `models` (
  `id` int NOT NULL AUTO_INCREMENT,
  `brand_id` int NOT NULL,
  `name` varchar(100) NOT NULL,
  PRIMARY KEY (`id`),
  KEY `brand_id` (`brand_id`),
  CONSTRAINT `models_ibfk_1` FOREIGN KEY (`brand_id`) REFERENCES `brands` (`id`)
) ENGINE=InnoDB AUTO_INCREMENT=117 DEFAULT CHARSET=utf8mb4 COLLATE=utf8mb4_0900_ai_ci;
/*!40101 SET character_set_client = @saved_cs_client */;

--
-- Dumping data for table `models`
--

LOCK TABLES `models` WRITE;
/*!40000 ALTER TABLE `models` DISABLE KEYS */;
INSERT INTO `models` VALUES (1,1,'Swift'),(2,1,'Baleno'),(3,1,'Brezza'),(4,1,'Ertiga'),(5,1,'Dzire'),(6,2,'Creta'),(7,2,'Venue'),(8,2,'i20'),(9,2,'Verna'),(10,2,'Exter'),(11,3,'Nexon'),(12,3,'Punch'),(13,3,'Harrier'),(14,3,'Safari'),(15,3,'Altroz'),(16,4,'Scorpio N'),(17,4,'XUV700'),(18,4,'Thar'),(19,4,'Bolero'),(20,5,'Fortuner'),(21,5,'Innova Crysta'),(22,5,'Glanza'),(23,5,'Urban Cruiser Hyryder'),(24,6,'City'),(25,6,'Amaze'),(26,6,'Elevate'),(27,7,'Seltos'),(28,7,'Sonet'),(29,7,'Carens'),(30,8,'Hector'),(31,8,'Astor'),(32,9,'Virtus'),(33,9,'Taigun'),(34,10,'Slavia'),(35,10,'Kushaq'),(67,21,'Splendor Plus'),(68,21,'Xtreme 125R'),(69,21,'Xpulse 200'),(70,21,'Karizma XMR'),(71,21,'Glamour'),(72,22,'Shine'),(73,22,'Unicorn'),(74,22,'SP125'),(75,22,'Hornet 2.0'),(76,22,'CB350'),(77,23,'Apache RTR 160'),(78,23,'Apache RTR 200'),(79,23,'Ronin'),(80,23,'Raider 125'),(81,23,'Jupiter 125'),(82,24,'Pulsar N160'),(83,24,'Pulsar NS200'),(84,24,'Dominar 400'),(85,24,'Avenger 220'),(86,24,'Platina 110'),(87,25,'Classic 350'),(88,25,'Hunter 350'),(89,25,'Meteor 350'),(90,25,'Bullet 350'),(91,25,'Interceptor 650'),(92,26,'R15 V4'),(93,26,'MT15'),(94,26,'FZ-X'),(95,26,'FZS FI'),(96,26,'Aerox 155'),(97,27,'Gixxer'),(98,27,'Gixxer SF'),(99,27,'V-Strom SX'),(100,27,'Access 125'),(101,27,'Burgman Street'),(102,28,'Duke 200'),(103,28,'Duke 390'),(104,28,'RC 200'),(105,28,'RC 390'),(106,28,'Adventure 390'),(107,29,'Jawa 42'),(108,29,'Jawa 350'),(109,29,'Jawa Perak'),(110,29,'Jawa 42 Bobber'),(111,29,'Jawa 42 Dual Tone'),(112,30,'G310R'),(113,30,'G310GS'),(114,30,'F900R'),(115,30,'F850GS'),(116,30,'S1000RR');
/*!40000 ALTER TABLE `models` ENABLE KEYS */;
UNLOCK TABLES;

--
-- Table structure for table `order_items`
--

DROP TABLE IF EXISTS `order_items`;
/*!40101 SET @saved_cs_client     = @@character_set_client */;
/*!50503 SET character_set_client = utf8mb4 */;
CREATE TABLE `order_items` (
  `id` int NOT NULL AUTO_INCREMENT,
  `order_id` int DEFAULT NULL,
  `product_id` int DEFAULT NULL,
  `quantity` int DEFAULT NULL,
  `price` decimal(10,2) DEFAULT NULL,
  PRIMARY KEY (`id`),
  KEY `order_id` (`order_id`),
  KEY `product_id` (`product_id`),
  CONSTRAINT `order_items_ibfk_1` FOREIGN KEY (`order_id`) REFERENCES `orders` (`id`),
  CONSTRAINT `order_items_ibfk_2` FOREIGN KEY (`product_id`) REFERENCES `products` (`id`)
) ENGINE=InnoDB AUTO_INCREMENT=87 DEFAULT CHARSET=utf8mb4 COLLATE=utf8mb4_0900_ai_ci;
/*!40101 SET character_set_client = @saved_cs_client */;

--
-- Dumping data for table `order_items`
--

LOCK TABLES `order_items` WRITE;
/*!40000 ALTER TABLE `order_items` DISABLE KEYS */;
INSERT INTO `order_items` VALUES (51,19,350,1,2999.00),(52,19,349,1,4699.00),(53,19,348,1,7499.00),(54,20,341,1,466.95),(55,20,306,1,6319.20),(56,20,350,1,1499.50),(57,20,348,1,6599.12),(58,20,347,1,9774.15),(59,20,345,1,7874.25),(60,21,349,1,4229.10),(61,21,348,1,6599.12),(62,21,347,1,9774.15),(63,22,349,1,4229.10),(64,22,348,1,6599.12),(65,22,347,1,9774.15),(66,23,205,1,8624.25),(67,23,201,1,466.95),(68,23,202,1,479.40),(69,24,679,1,3199.20),(70,24,677,4,4249.15),(71,24,676,2,11999.20),(72,25,677,2,4249.15),(73,26,676,3,11999.20),(74,27,676,2,11999.20),(75,28,672,1,3654.15),(76,29,677,1,4249.15),(77,29,676,1,11999.20),(78,29,678,1,2699.10),(79,30,499,1,1199.20),(80,31,678,1,2699.10),(81,31,677,1,4249.15),(82,31,676,1,11999.20),(83,32,679,1,3199.20),(84,32,678,1,2699.10),(85,32,672,1,3654.15),(86,33,679,1,3199.20);
/*!40000 ALTER TABLE `order_items` ENABLE KEYS */;
UNLOCK TABLES;

--
-- Table structure for table `orders`
--

DROP TABLE IF EXISTS `orders`;
/*!40101 SET @saved_cs_client     = @@character_set_client */;
/*!50503 SET character_set_client = utf8mb4 */;
CREATE TABLE `orders` (
  `id` int NOT NULL AUTO_INCREMENT,
  `user_id` int DEFAULT NULL,
  `total_amount` decimal(10,2) DEFAULT NULL,
  `status` varchar(50) DEFAULT 'Pending',
  `created_at` timestamp NULL DEFAULT CURRENT_TIMESTAMP,
  PRIMARY KEY (`id`),
  KEY `user_id` (`user_id`),
  CONSTRAINT `orders_ibfk_1` FOREIGN KEY (`user_id`) REFERENCES `users` (`id`)
) ENGINE=InnoDB AUTO_INCREMENT=34 DEFAULT CHARSET=utf8mb4 COLLATE=utf8mb4_0900_ai_ci;
/*!40101 SET character_set_client = @saved_cs_client */;

--
-- Dumping data for table `orders`
--

LOCK TABLES `orders` WRITE;
/*!40000 ALTER TABLE `orders` DISABLE KEYS */;
INSERT INTO `orders` VALUES (1,1,499.00,'Approved','2026-06-16 10:29:37'),(2,1,9096.00,'Packed','2026-06-17 05:09:56'),(3,1,6598.00,'Delivered','2026-06-17 05:58:30'),(4,1,2049.00,'Approved','2026-06-17 06:02:59'),(5,1,550.00,'Shipped','2026-06-17 07:32:32'),(6,1,6397.00,'Cancelled','2026-06-17 10:05:33'),(7,1,3097.00,'Approved','2026-06-17 10:33:13'),(8,1,30891.00,'Pending','2026-06-17 15:55:44'),(9,39,2099.00,'Pending','2026-06-17 16:12:21'),(10,37,10997.00,'Pending','2026-06-18 07:20:31'),(11,37,3999.00,'Pending','2026-06-18 07:52:42'),(12,37,3499.00,'Pending','2026-06-18 10:10:36'),(13,37,3999.00,'Pending','2026-06-18 10:19:26'),(14,37,7394.00,'Approved','2026-06-24 17:42:48'),(15,42,3999.00,'Pending','2026-06-24 18:05:27'),(16,37,5498.00,'Pending','2026-06-27 13:41:24'),(17,44,18100.00,'Pending','2026-06-27 14:11:53'),(18,44,6100.00,'Approved','2026-06-27 14:12:56'),(19,37,15197.00,'Pending','2026-06-28 12:59:56'),(20,37,32533.17,'Approved','2026-06-28 16:43:10'),(21,38,20602.37,'Pending','2026-06-28 16:50:40'),(22,37,20602.37,'Pending','2026-06-28 18:05:26'),(23,37,9570.60,'Packed','2026-06-29 15:59:41'),(24,37,44194.20,'Packed','2026-06-30 09:23:51'),(25,37,8498.30,'Approved','2026-06-30 09:36:29'),(26,45,35997.60,'Approved','2026-06-30 09:41:58'),(27,45,23998.40,'Approved','2026-06-30 10:11:57'),(28,45,3654.15,'Pending','2026-06-30 10:23:10'),(29,37,18947.45,'Delivered','2026-06-30 17:26:22'),(30,46,1199.20,'Delivered','2026-07-03 04:21:04'),(31,37,18947.45,'Packed','2026-07-04 05:52:04'),(32,37,9552.45,'Pending','2026-07-04 09:20:17'),(33,37,3199.20,'Pending','2026-07-04 09:49:59');
/*!40000 ALTER TABLE `orders` ENABLE KEYS */;
UNLOCK TABLES;

--
-- Table structure for table `products`
--

DROP TABLE IF EXISTS `products`;
/*!40101 SET @saved_cs_client     = @@character_set_client */;
/*!50503 SET character_set_client = utf8mb4 */;
CREATE TABLE `products` (
  `id` int NOT NULL AUTO_INCREMENT,
  `category_id` int DEFAULT NULL,
  `name` varchar(255) NOT NULL,
  `description` text,
  `price` decimal(10,2) DEFAULT NULL,
  `stock` int DEFAULT NULL,
  `image` varchar(255) DEFAULT NULL,
  `created_at` timestamp NULL DEFAULT CURRENT_TIMESTAMP,
  `vehicle_type` varchar(20) DEFAULT NULL,
  `brand_id` int DEFAULT NULL,
  `model_id` int DEFAULT NULL,
  `discount` int DEFAULT '0',
  PRIMARY KEY (`id`),
  KEY `fk_product_brand` (`brand_id`),
  KEY `fk_product_model` (`model_id`),
  KEY `fk_product_category` (`category_id`),
  CONSTRAINT `fk_product_brand` FOREIGN KEY (`brand_id`) REFERENCES `brands` (`id`),
  CONSTRAINT `fk_product_category` FOREIGN KEY (`category_id`) REFERENCES `categories` (`id`),
  CONSTRAINT `fk_product_model` FOREIGN KEY (`model_id`) REFERENCES `models` (`id`),
  CONSTRAINT `products_ibfk_1` FOREIGN KEY (`category_id`) REFERENCES `categories` (`id`)
) ENGINE=InnoDB AUTO_INCREMENT=680 DEFAULT CHARSET=utf8mb4 COLLATE=utf8mb4_0900_ai_ci;
/*!40101 SET character_set_client = @saved_cs_client */;

--
-- Dumping data for table `products`
--

LOCK TABLES `products` WRITE;
/*!40000 ALTER TABLE `products` DISABLE KEYS */;
INSERT INTO `products` VALUES (2,5,'Oil Filter','Genuine Maruti Suzuki oil filter for Swift',999.00,42,'oil_filter.jpg','2026-06-28 08:44:21','car',1,1,40),(3,5,'Air Filter','High performance air filter for Maruti Suzuki Swift',699.00,26,'air_filter.jpg','2026-06-28 08:44:21','car',1,1,35),(4,2,'Front Brake Pad Set','Premium ceramic front brake pads for Maruti Suzuki Swift',2499.00,18,'brake_pad.jpg','2026-06-28 08:44:21','car',1,1,30),(5,1,'Spark Plug','Long life spark plug for Maruti Suzuki Swift',499.00,40,'spark_plug.jpg','2026-06-28 08:44:21','car',1,1,25),(6,4,'Car Battery','12V maintenance free battery for Maruti Suzuki Swift',6499.00,10,'battery.jpg','2026-06-28 08:44:21','car',1,1,20),(7,9,'Headlight Assembly','OEM headlight assembly for Maruti Suzuki Swift',4299.00,12,'headlight.jpg','2026-06-28 08:44:21','car',1,1,15),(8,10,'Seat Cover Set','Premium leather seat covers for Maruti Suzuki Swift',3499.00,16,'seat_cover.jpg','2026-06-28 08:44:21','car',1,1,12),(9,10,'Floor Mat Set','Anti-skid floor mat set for Maruti Suzuki Swift',1499.00,22,'floor_mat.jpg','2026-06-28 08:44:21','car',1,1,10),(10,10,'Wiper Blade Set','All-weather wiper blades for Maruti Suzuki Swift',799.00,28,'wiper_blade.jpg','2026-06-28 08:44:21','car',1,1,50),(11,6,'Radiator','OEM radiator for Maruti Suzuki Swift',7999.00,9,'radiator.jpg','2026-06-28 08:44:21','car',1,1,45),(12,5,'Oil Filter','Genuine Maruti Suzuki oil filter for Baleno',749.00,30,'oil_filter.jpg','2026-06-28 08:44:21','car',1,2,40),(13,5,'Air Filter','Premium air filter for Maruti Suzuki Baleno',699.00,25,'air_filter.jpg','2026-06-28 08:44:21','car',1,2,35),(14,2,'Front Brake Pad Set','Ceramic brake pads for Maruti Suzuki Baleno',2599.00,14,'brake_pad.jpg','2026-06-28 08:44:21','car',1,2,30),(15,6,'Radiator','OEM radiator for Maruti Suzuki Baleno',8199.00,8,'radiator.jpg','2026-06-28 08:44:21','car',1,2,25),(16,7,'Clutch Kit','Complete clutch kit for Maruti Suzuki Baleno',5999.00,10,'clutch_kit.jpg','2026-06-28 08:44:21','car',1,2,20),(17,9,'LED Headlight','LED headlight assembly for Maruti Suzuki Baleno',5999.00,11,'headlight.jpg','2026-06-28 08:44:21','car',1,2,15),(18,4,'Car Battery','12V battery for Maruti Suzuki Baleno',6599.00,13,'battery.jpg','2026-06-28 08:44:21','car',1,2,12),(19,10,'Floor Mat Set','Premium floor mats for Maruti Suzuki Baleno',1699.00,24,'floor_mat.jpg','2026-06-28 08:44:21','car',1,2,10),(20,9,'Fog Lamp','OEM fog lamp for Maruti Suzuki Baleno',1999.00,18,'fog_lamp.jpg','2026-06-28 08:44:21','car',1,2,50),(21,10,'Dash Camera','HD dash camera for Maruti Suzuki Baleno',5499.00,9,'dash_camera.jpg','2026-06-28 08:44:21','car',1,2,45),(22,5,'Oil Filter','Genuine Maruti Suzuki oil filter for Brezza',799.00,26,'oil_filter.jpg','2026-06-28 08:44:21','car',1,3,40),(23,5,'Air Filter','OEM air filter for Maruti Suzuki Brezza',749.00,22,'air_filter.jpg','2026-06-28 08:44:21','car',1,3,35),(24,2,'Brake Disc','Front brake disc for Maruti Suzuki Brezza',4499.00,12,'brake_disc.jpg','2026-06-28 08:44:21','car',1,3,30),(25,3,'Shock Absorber','Front shock absorber for Maruti Suzuki Brezza',4999.00,10,'shock_absorber.jpg','2026-06-28 08:44:21','car',1,3,25),(26,6,'Radiator','OEM radiator for Maruti Suzuki Brezza',8499.00,8,'radiator.jpg','2026-06-28 08:44:21','car',1,3,20),(27,9,'Tail Lamp','Tail lamp assembly for Maruti Suzuki Brezza',3499.00,14,'tail_lamp.jpg','2026-06-28 08:44:21','car',1,3,15),(28,10,'Roof Rail','Premium roof rails for Maruti Suzuki Brezza',5999.00,8,'roof_rail.jpg','2026-06-28 08:44:21','car',1,3,12),(29,10,'Alloy Wheel','16-inch alloy wheel for Maruti Suzuki Brezza',12999.00,6,'alloy_wheel.jpg','2026-06-28 08:44:21','car',1,3,10),(30,4,'Car Battery','Heavy duty battery for Maruti Suzuki Brezza',6999.00,12,'battery.jpg','2026-06-28 08:44:21','car',1,3,50),(31,10,'Seat Cover Set','Premium leather seat covers for Brezza',3999.00,15,'seat_cover.jpg','2026-06-28 08:44:21','car',1,3,45),(32,5,'Oil Filter','Genuine Maruti Suzuki oil filter for Ertiga',799.00,25,'oil_filter.jpg','2026-06-28 08:44:21','car',1,4,40),(33,5,'Air Filter','OEM air filter for Maruti Suzuki Ertiga',749.00,23,'air_filter.jpg','2026-06-28 08:44:21','car',1,4,35),(34,5,'Cabin Filter','Cabin AC filter for Maruti Suzuki Ertiga',899.00,19,'cabin_filter.jpg','2026-06-28 08:44:21','car',1,4,30),(35,2,'Brake Pad Set','Premium brake pads for Maruti Suzuki Ertiga',2699.00,14,'brake_pad.jpg','2026-06-28 08:44:21','car',1,4,25),(36,7,'Clutch Kit','Complete clutch kit for Maruti Suzuki Ertiga',6499.00,8,'clutch_kit.jpg','2026-06-28 08:44:21','car',1,4,20),(37,6,'Radiator','OEM radiator for Maruti Suzuki Ertiga',8799.00,8,'radiator.jpg','2026-06-28 08:44:21','car',1,4,15),(38,4,'Car Battery','12V battery for Maruti Suzuki Ertiga',6999.00,10,'battery.jpg','2026-06-28 08:44:21','car',1,4,12),(39,9,'Headlight Assembly','Headlight assembly for Maruti Suzuki Ertiga',4999.00,9,'headlight.jpg','2026-06-28 08:44:21','car',1,4,10),(40,10,'Floor Mat Set','Premium floor mat set for Maruti Suzuki Ertiga',1899.00,18,'floor_mat.jpg','2026-06-28 08:44:21','car',1,4,50),(41,10,'Roof Carrier','Heavy duty roof carrier for Maruti Suzuki Ertiga',7499.00,6,'roof_carrier.jpg','2026-06-28 08:44:21','car',1,4,45),(42,5,'Oil Filter','Genuine Maruti Suzuki oil filter for Dzire',749.00,31,'oil_filter.jpg','2026-06-28 08:44:21','car',1,5,40),(43,5,'Air Filter','OEM air filter for Maruti Suzuki Dzire',699.00,27,'air_filter.jpg','2026-06-28 08:44:21','car',1,5,35),(44,2,'Brake Pad Set','Premium ceramic brake pads for Maruti Suzuki Dzire',2499.00,17,'brake_pad.jpg','2026-06-28 08:44:21','car',1,5,30),(45,1,'Spark Plug','Long life spark plug for Maruti Suzuki Dzire',499.00,36,'spark_plug.jpg','2026-06-28 08:44:21','car',1,5,25),(46,6,'Radiator','OEM radiator for Maruti Suzuki Dzire',7999.00,9,'radiator.jpg','2026-06-28 08:44:21','car',1,5,20),(47,4,'Car Battery','Maintenance free battery for Maruti Suzuki Dzire',6499.00,12,'battery.jpg','2026-06-28 08:44:21','car',1,5,15),(48,9,'Headlight Assembly','OEM headlight assembly for Maruti Suzuki Dzire',4499.00,10,'headlight.jpg','2026-06-28 08:44:21','car',1,5,12),(49,9,'Tail Lamp','Tail lamp assembly for Maruti Suzuki Dzire',2999.00,13,'tail_lamp.jpg','2026-06-28 08:44:21','car',1,5,10),(50,10,'Seat Cover Set','Leather seat cover set for Maruti Suzuki Dzire',3299.00,15,'seat_cover.jpg','2026-06-28 08:44:21','car',1,5,50),(51,10,'Wiper Blade Set','All-weather wiper blades for Maruti Suzuki Dzire',799.00,28,'wiper_blade.jpg','2026-06-28 08:44:21','car',1,5,45),(52,5,'Air Filter','Genuine Hyundai air filter for Creta',699.00,25,'air_filter.jpg','2026-06-28 08:46:18','car',2,6,40),(53,5,'Cabin Filter','Premium cabin filter for Hyundai Creta',999.00,18,'cabin_filter.jpg','2026-06-28 08:46:18','car',2,6,35),(54,2,'Front Brake Pad Set','Ceramic brake pads for Hyundai Creta',2699.00,16,'brake_pad.jpg','2026-06-28 08:46:18','car',2,6,30),(55,6,'Radiator','OEM radiator for Hyundai Creta',8999.00,8,'radiator.jpg','2026-06-28 08:46:18','car',2,6,25),(56,3,'Shock Absorber','Front shock absorber for Hyundai Creta',5299.00,10,'shock_absorber.jpg','2026-06-28 08:46:18','car',2,6,20),(57,4,'Car Battery','12V maintenance free battery for Hyundai Creta',7499.00,9,'battery.jpg','2026-06-28 08:46:18','car',2,6,15),(58,9,'LED Headlight','LED headlight assembly for Hyundai Creta',7999.00,7,'headlight.jpg','2026-06-28 08:46:18','car',2,6,12),(59,9,'Fog Lamp','OEM fog lamp for Hyundai Creta',2499.00,12,'fog_lamp.jpg','2026-06-28 08:46:18','car',2,6,10),(60,10,'Roof Carrier','Heavy duty roof carrier for Hyundai Creta',8499.00,6,'roof_carrier.jpg','2026-06-28 08:46:18','car',2,6,50),(61,5,'Oil Filter','Genuine Hyundai oil filter for Venue',799.00,24,'oil_filter.jpg','2026-06-28 08:46:18','car',2,7,45),(62,5,'Air Filter','OEM air filter for Hyundai Venue',699.00,23,'air_filter.jpg','2026-06-28 08:46:18','car',2,7,40),(63,2,'Brake Pad Set','Premium brake pads for Hyundai Venue',2499.00,14,'brake_pad.jpg','2026-06-28 08:46:18','car',2,7,35),(64,1,'Spark Plug','Long life spark plug for Hyundai Venue',599.00,32,'spark_plug.jpg','2026-06-28 08:46:18','car',2,7,30),(65,6,'Radiator','OEM radiator for Hyundai Venue',8399.00,9,'radiator.jpg','2026-06-28 08:46:18','car',2,7,25),(66,4,'Car Battery','Maintenance free battery for Hyundai Venue',6999.00,10,'battery.jpg','2026-06-28 08:46:18','car',2,7,20),(67,9,'Headlight Assembly','Headlight assembly for Hyundai Venue',5499.00,10,'headlight.jpg','2026-06-28 08:46:18','car',2,7,15),(68,9,'Tail Lamp','Tail lamp assembly for Hyundai Venue',3499.00,11,'tail_lamp.jpg','2026-06-28 08:46:18','car',2,7,12),(69,10,'Floor Mat Set','Premium floor mats for Hyundai Venue',1799.00,20,'floor_mat.jpg','2026-06-28 08:46:18','car',2,7,10),(70,10,'Seat Cover Set','Leather seat covers for Hyundai Venue',3799.00,13,'seat_cover.jpg','2026-06-28 08:46:18','car',2,7,50),(71,5,'Oil Filter','Genuine Hyundai oil filter for i20',749.00,28,'oil_filter.jpg','2026-06-28 08:46:18','car',2,8,45),(72,5,'Air Filter','Premium air filter for Hyundai i20',699.00,25,'air_filter.jpg','2026-06-28 08:46:18','car',2,8,40),(73,5,'Cabin Filter','Cabin AC filter for Hyundai i20',899.00,18,'cabin_filter.jpg','2026-06-28 08:46:18','car',2,8,35),(74,2,'Brake Pad Set','Ceramic brake pads for Hyundai i20',2399.00,16,'brake_pad.jpg','2026-06-28 08:46:18','car',2,8,30),(75,7,'Clutch Kit','Complete clutch kit for Hyundai i20',6499.00,8,'clutch_kit.jpg','2026-06-28 08:46:18','car',2,8,25),(76,4,'Car Battery','12V battery for Hyundai i20',6799.00,11,'battery.jpg','2026-06-28 08:46:18','car',2,8,20),(77,9,'LED Headlight','LED headlight assembly for Hyundai i20',5999.00,8,'headlight.jpg','2026-06-28 08:46:18','car',2,8,15),(78,10,'Wiper Blade Set','All-weather wiper blades for Hyundai i20',799.00,24,'wiper_blade.jpg','2026-06-28 08:46:18','car',2,8,12),(79,10,'Floor Mat Set','Premium floor mats for Hyundai i20',1599.00,20,'floor_mat.jpg','2026-06-28 08:46:18','car',2,8,10),(80,9,'Fog Lamp','OEM fog lamp for Hyundai i20',1899.00,14,'fog_lamp.jpg','2026-06-28 08:46:18','car',2,8,50),(81,5,'Oil Filter','Genuine Hyundai oil filter for Verna',799.00,22,'oil_filter.jpg','2026-06-28 08:46:18','car',2,9,45),(82,5,'Air Filter','OEM air filter for Hyundai Verna',699.00,24,'air_filter.jpg','2026-06-28 08:46:18','car',2,9,40),(83,2,'Brake Disc','Front brake disc for Hyundai Verna',4799.00,12,'brake_disc.jpg','2026-06-28 08:46:18','car',2,9,35),(84,5,'Cabin Filter','Cabin filter for Hyundai Verna',999.00,16,'cabin_filter.jpg','2026-06-28 08:46:18','car',2,9,30),(85,6,'Radiator','OEM radiator for Hyundai Verna',8999.00,7,'radiator.jpg','2026-06-28 08:46:18','car',2,9,25),(86,4,'Car Battery','Heavy duty battery for Hyundai Verna',7399.00,9,'battery.jpg','2026-06-28 08:46:18','car',2,9,20),(87,9,'Headlight Assembly','Headlight assembly for Hyundai Verna',6299.00,8,'headlight.jpg','2026-06-28 08:46:18','car',2,9,15),(88,9,'Tail Lamp','Tail lamp for Hyundai Verna',3499.00,10,'tail_lamp.jpg','2026-06-28 08:46:18','car',2,9,12),(89,10,'Alloy Wheel','16-inch alloy wheel for Hyundai Verna',13999.00,5,'alloy_wheel.jpg','2026-06-28 08:46:18','car',2,9,10),(90,10,'Seat Cover Set','Premium leather seat covers for Hyundai Verna',3999.00,11,'seat_cover.jpg','2026-06-28 08:46:18','car',2,9,50),(91,5,'Oil Filter','Genuine Hyundai oil filter for Exter',749.00,25,'oil_filter.jpg','2026-06-28 08:46:18','car',2,10,45),(92,5,'Air Filter','Premium air filter for Hyundai Exter',699.00,24,'air_filter.jpg','2026-06-28 08:46:18','car',2,10,40),(93,2,'Brake Pad Set','Ceramic brake pads for Hyundai Exter',2499.00,15,'brake_pad.jpg','2026-06-28 08:46:18','car',2,10,35),(94,5,'Cabin Filter','Cabin AC filter for Hyundai Exter',899.00,18,'cabin_filter.jpg','2026-06-28 08:46:18','car',2,10,30),(95,6,'Radiator','OEM radiator for Hyundai Exter',8299.00,8,'radiator.jpg','2026-06-28 08:46:18','car',2,10,25),(96,4,'Car Battery','12V battery for Hyundai Exter',6999.00,10,'battery.jpg','2026-06-28 08:46:18','car',2,10,20),(97,10,'Roof Rail','Premium roof rails for Hyundai Exter',5999.00,7,'roof_rail.jpg','2026-06-28 08:46:18','car',2,10,15),(98,9,'Headlight Assembly','Headlight assembly for Hyundai Exter',5299.00,9,'headlight.jpg','2026-06-28 08:46:18','car',2,10,12),(99,10,'Floor Mat Set','Premium floor mats for Hyundai Exter',1699.00,20,'floor_mat.jpg','2026-06-28 08:46:18','car',2,10,10),(100,10,'Dash Camera','HD dash camera for Hyundai Exter',5499.00,6,'dash_camera.jpg','2026-06-28 08:46:18','car',2,10,50),(101,5,'Oil Filter','Genuine Tata oil filter for Nexon',799.00,24,'oil_filter.jpg','2026-06-28 08:48:03','car',3,11,45),(102,5,'Air Filter','Premium air filter for Tata Nexon',699.00,22,'air_filter.jpg','2026-06-28 08:48:03','car',3,11,40),(103,2,'Front Brake Pad Set','Ceramic brake pads for Tata Nexon',2599.00,15,'brake_pad.jpg','2026-06-28 08:48:03','car',3,11,35),(104,5,'Cabin Filter','Cabin AC filter for Tata Nexon',899.00,18,'cabin_filter.jpg','2026-06-28 08:48:03','car',3,11,30),(105,6,'Radiator','OEM radiator for Tata Nexon',8699.00,8,'radiator.jpg','2026-06-28 08:48:03','car',3,11,25),(106,3,'Shock Absorber','Front shock absorber for Tata Nexon',5399.00,10,'shock_absorber.jpg','2026-06-28 08:48:03','car',3,11,20),(107,4,'Car Battery','Maintenance free battery for Tata Nexon',7299.00,9,'battery.jpg','2026-06-28 08:48:03','car',3,11,15),(108,9,'LED Headlight','LED headlight assembly for Tata Nexon',7999.00,7,'headlight.jpg','2026-06-28 08:48:03','car',3,11,12),(109,10,'Alloy Wheel','16-inch alloy wheel for Tata Nexon',12999.00,6,'alloy_wheel.jpg','2026-06-28 08:48:03','car',3,11,10),(110,10,'Seat Cover Set','Premium leather seat covers for Tata Nexon',3999.00,12,'seat_cover.jpg','2026-06-28 08:48:03','car',3,11,50),(111,5,'Oil Filter','Genuine Tata oil filter for Punch',749.00,26,'oil_filter.jpg','2026-06-28 08:48:03','car',3,12,45),(112,5,'Air Filter','OEM air filter for Tata Punch',699.00,21,'air_filter.jpg','2026-06-28 08:48:03','car',3,12,40),(113,2,'Brake Pad Set','Premium brake pads for Tata Punch',2399.00,17,'brake_pad.jpg','2026-06-28 08:48:03','car',3,12,35),(114,6,'Radiator','OEM radiator for Tata Punch',8299.00,9,'radiator.jpg','2026-06-28 08:48:03','car',3,12,30),(115,4,'Car Battery','Heavy duty battery for Tata Punch',6899.00,10,'battery.jpg','2026-06-28 08:48:03','car',3,12,25),(116,9,'Fog Lamp','OEM fog lamp for Tata Punch',1899.00,15,'fog_lamp.jpg','2026-06-28 08:48:03','car',3,12,20),(117,10,'Wiper Blade Set','Premium wiper blades for Tata Punch',799.00,24,'wiper_blade.jpg','2026-06-28 08:48:03','car',3,12,15),(118,10,'Floor Mat Set','Premium floor mats for Tata Punch',1599.00,20,'floor_mat.jpg','2026-06-28 08:48:03','car',3,12,12),(119,10,'Roof Carrier','Heavy duty roof carrier for Tata Punch',6999.00,6,'roof_carrier.jpg','2026-06-28 08:48:03','car',3,12,10),(120,10,'Dash Camera','Full HD dash camera for Tata Punch',5499.00,8,'dash_camera.jpg','2026-06-28 08:48:03','car',3,12,50),(121,5,'Oil Filter','Genuine Tata oil filter for Harrier',849.00,22,'oil_filter.jpg','2026-06-28 08:48:03','car',3,13,45),(122,5,'Air Filter','Premium air filter for Tata Harrier',799.00,20,'air_filter.jpg','2026-06-28 08:48:03','car',3,13,40),(123,2,'Brake Disc','Front brake disc for Tata Harrier',4899.00,12,'brake_disc.jpg','2026-06-28 08:48:03','car',3,13,35),(124,3,'Suspension Kit','Complete suspension kit for Tata Harrier',18999.00,5,'suspension_kit.jpg','2026-06-28 08:48:03','car',3,13,30),(125,6,'Radiator','OEM radiator for Tata Harrier',9999.00,7,'radiator.jpg','2026-06-28 08:48:03','car',3,13,25),(126,4,'Car Battery','SUV battery for Tata Harrier',7999.00,8,'battery.jpg','2026-06-28 08:48:03','car',3,13,20),(127,9,'LED Headlight','LED projector headlight for Tata Harrier',9999.00,5,'headlight.jpg','2026-06-28 08:48:03','car',3,13,15),(128,10,'Alloy Wheel','17-inch alloy wheel for Tata Harrier',16999.00,4,'alloy_wheel.jpg','2026-06-28 08:48:03','car',3,13,12),(129,10,'Roof Rail','Premium roof rails for Tata Harrier',6499.00,7,'roof_rail.jpg','2026-06-28 08:48:03','car',3,13,10),(130,10,'Floor Mat Set','Luxury floor mats for Tata Harrier',2499.00,15,'floor_mat.jpg','2026-06-28 08:48:03','car',3,13,50),(131,5,'Oil Filter','Genuine Tata oil filter for Safari',849.00,20,'oil_filter.jpg','2026-06-28 08:48:03','car',3,14,45),(132,5,'Air Filter','Premium air filter for Tata Safari',799.00,18,'air_filter.jpg','2026-06-28 08:48:03','car',3,14,40),(133,2,'Brake Pad Set','Premium brake pads for Tata Safari',2799.00,14,'brake_pad.jpg','2026-06-28 08:48:03','car',3,14,35),(134,6,'Radiator','OEM radiator for Tata Safari',10499.00,6,'radiator.jpg','2026-06-28 08:48:03','car',3,14,30),(135,3,'Shock Absorber','Heavy duty shock absorber for Tata Safari',5999.00,9,'shock_absorber.jpg','2026-06-28 08:48:03','car',3,14,25),(136,4,'Car Battery','SUV battery for Tata Safari',8299.00,8,'battery.jpg','2026-06-28 08:48:03','car',3,14,20),(137,9,'LED Headlight','LED headlight assembly for Tata Safari',10999.00,5,'headlight.jpg','2026-06-28 08:48:03','car',3,14,15),(138,10,'Roof Carrier','Premium roof carrier for Tata Safari',8999.00,5,'roof_carrier.jpg','2026-06-28 08:48:03','car',3,14,12),(139,10,'Seat Cover Set','Leather seat covers for Tata Safari',4499.00,10,'seat_cover.jpg','2026-06-28 08:48:03','car',3,14,10),(140,10,'Dash Camera','4K dash camera for Tata Safari',6499.00,6,'dash_camera.jpg','2026-06-28 08:48:03','car',3,14,50),(141,5,'Oil Filter','Genuine Tata oil filter for Altroz',749.00,28,'oil_filter.jpg','2026-06-28 08:48:03','car',3,15,45),(142,5,'Air Filter','OEM air filter for Tata Altroz',699.00,24,'air_filter.jpg','2026-06-28 08:48:03','car',3,15,40),(143,2,'Brake Pad Set','Ceramic brake pads for Tata Altroz',2399.00,17,'brake_pad.jpg','2026-06-28 08:48:03','car',3,15,35),(144,5,'Cabin Filter','Cabin AC filter for Tata Altroz',899.00,19,'cabin_filter.jpg','2026-06-28 08:48:03','car',3,15,30),(145,1,'Spark Plug','Long life spark plug for Tata Altroz',599.00,35,'spark_plug.jpg','2026-06-28 08:48:03','car',3,15,25),(146,4,'Car Battery','Maintenance free battery for Tata Altroz',6999.00,11,'battery.jpg','2026-06-28 08:48:03','car',3,15,20),(147,9,'Headlight Assembly','Headlight assembly for Tata Altroz',5499.00,9,'headlight.jpg','2026-06-28 08:48:03','car',3,15,15),(148,10,'Floor Mat Set','Premium floor mats for Tata Altroz',1699.00,21,'floor_mat.jpg','2026-06-28 08:48:03','car',3,15,12),(149,10,'Wiper Blade Set','All-weather wiper blades for Tata Altroz',799.00,26,'wiper_blade.jpg','2026-06-28 08:48:03','car',3,15,10),(150,9,'Tail Lamp','Tail lamp assembly for Tata Altroz',3299.00,12,'tail_lamp.jpg','2026-06-28 08:48:03','car',3,15,50),(151,5,'Oil Filter','Genuine Mahindra oil filter for Scorpio N',849.00,24,'oil_filter.jpg','2026-06-28 08:50:28','car',4,16,45),(152,5,'Air Filter','Premium air filter for Mahindra Scorpio N',799.00,20,'air_filter.jpg','2026-06-28 08:50:28','car',4,16,40),(153,2,'Brake Disc','Front brake disc for Mahindra Scorpio N',5499.00,12,'brake_disc.jpg','2026-06-28 08:50:28','car',4,16,35),(154,3,'Suspension Kit','Heavy-duty suspension kit for Mahindra Scorpio N',19999.00,6,'suspension_kit.jpg','2026-06-28 08:50:28','car',4,16,30),(155,6,'Radiator','OEM radiator for Mahindra Scorpio N',10999.00,8,'radiator.jpg','2026-06-28 08:50:28','car',4,16,25),(156,7,'Clutch Kit','Complete clutch kit for Mahindra Scorpio N',8999.00,8,'clutch_kit.jpg','2026-06-28 08:50:28','car',4,16,20),(157,4,'Car Battery','SUV battery for Mahindra Scorpio N',8499.00,10,'battery.jpg','2026-06-28 08:50:28','car',4,16,15),(158,9,'LED Headlight','LED projector headlight for Mahindra Scorpio N',11999.00,6,'headlight.jpg','2026-06-28 08:50:28','car',4,16,12),(159,10,'Roof Rack','Premium roof rack for Mahindra Scorpio N',9999.00,5,'roof_rack.jpg','2026-06-28 08:50:28','car',4,16,10),(160,10,'Alloy Wheel','18-inch alloy wheel for Mahindra Scorpio N',18999.00,4,'alloy_wheel.jpg','2026-06-28 08:50:28','car',4,16,50),(161,5,'Oil Filter','Genuine Mahindra oil filter for XUV700',849.00,22,'oil_filter.jpg','2026-06-28 08:50:28','car',4,17,45),(162,5,'Air Filter','Premium air filter for Mahindra XUV700',799.00,19,'air_filter.jpg','2026-06-28 08:50:28','car',4,17,40),(163,5,'Cabin Filter','Cabin AC filter for Mahindra XUV700',999.00,18,'cabin_filter.jpg','2026-06-28 08:50:28','car',4,17,35),(164,2,'Brake Pad Set','Premium brake pads for Mahindra XUV700',2999.00,15,'brake_pad.jpg','2026-06-28 08:50:28','car',4,17,30),(165,6,'Radiator','OEM radiator for Mahindra XUV700',11499.00,7,'radiator.jpg','2026-06-28 08:50:28','car',4,17,25),(166,3,'Shock Absorber','Heavy-duty shock absorber for Mahindra XUV700',6499.00,9,'shock_absorber.jpg','2026-06-28 08:50:28','car',4,17,20),(167,4,'Car Battery','Maintenance-free battery for Mahindra XUV700',8699.00,8,'battery.jpg','2026-06-28 08:50:28','car',4,17,15),(168,9,'Fog Lamp','OEM fog lamp for Mahindra XUV700',3299.00,12,'fog_lamp.jpg','2026-06-28 08:50:28','car',4,17,12),(169,10,'Seat Cover Set','Premium leather seat covers for Mahindra XUV700',4999.00,10,'seat_cover.jpg','2026-06-28 08:50:28','car',4,17,10),(170,10,'Dash Camera','4K dash camera for Mahindra XUV700',7499.00,6,'dash_camera.jpg','2026-06-28 08:50:28','car',4,17,50),(171,5,'Oil Filter','Genuine Mahindra oil filter for Thar',849.00,20,'oil_filter.jpg','2026-06-28 08:50:28','car',4,18,45),(172,5,'Air Filter','Heavy-duty air filter for Mahindra Thar',799.00,18,'air_filter.jpg','2026-06-28 08:50:28','car',4,18,40),(173,2,'Brake Pad Set','Premium brake pads for Mahindra Thar',2899.00,16,'brake_pad.jpg','2026-06-28 08:50:28','car',4,18,35),(174,3,'Suspension Lift Kit','Off-road suspension lift kit for Mahindra Thar',24999.00,5,'suspension_kit.jpg','2026-06-28 08:50:28','car',4,18,30),(175,6,'Radiator','OEM radiator for Mahindra Thar',10499.00,8,'radiator.jpg','2026-06-28 08:50:28','car',4,18,25),(176,9,'Off-road LED Lights','LED off-road light kit for Mahindra Thar',7999.00,9,'led_light.jpg','2026-06-28 08:50:28','car',4,18,20),(177,10,'Electric Winch','Heavy-duty electric winch for Mahindra Thar',21999.00,4,'winch.jpg','2026-06-28 08:50:28','car',4,18,15),(178,10,'Roof Rack','Adventure roof rack for Mahindra Thar',9499.00,6,'roof_rack.jpg','2026-06-28 08:50:28','car',4,18,12),(179,10,'Alloy Wheel','17-inch off-road alloy wheel for Mahindra Thar',17999.00,5,'alloy_wheel.jpg','2026-06-28 08:50:28','car',4,18,10),(180,4,'Car Battery','High-performance battery for Mahindra Thar',8299.00,9,'battery.jpg','2026-06-28 08:50:28','car',4,18,50),(181,5,'Oil Filter','Genuine Mahindra oil filter for Bolero',799.00,25,'oil_filter.jpg','2026-06-28 08:50:28','car',4,19,45),(182,5,'Air Filter','OEM air filter for Mahindra Bolero',749.00,22,'air_filter.jpg','2026-06-28 08:50:28','car',4,19,40),(183,2,'Brake Shoes','Rear brake shoes for Mahindra Bolero',2199.00,17,'brake_shoe.jpg','2026-06-28 08:50:28','car',4,19,35),(184,7,'Clutch Plate Kit','Heavy-duty clutch plate kit for Mahindra Bolero',6999.00,9,'clutch_kit.jpg','2026-06-28 08:50:28','car',4,19,30),(185,6,'Radiator','OEM radiator for Mahindra Bolero',8999.00,8,'radiator.jpg','2026-06-28 08:50:28','car',4,19,25),(186,4,'Car Battery','Maintenance-free battery for Mahindra Bolero',6999.00,11,'battery.jpg','2026-06-28 08:50:28','car',4,19,20),(187,9,'Headlight Assembly','OEM headlight assembly for Mahindra Bolero',5499.00,10,'headlight.jpg','2026-06-28 08:50:28','car',4,19,15),(188,9,'Tail Lamp','Tail lamp assembly for Mahindra Bolero',3299.00,12,'tail_lamp.jpg','2026-06-28 08:50:28','car',4,19,12),(189,10,'Floor Mat Set','Premium floor mats for Mahindra Bolero',1799.00,20,'floor_mat.jpg','2026-06-28 08:50:28','car',4,19,10),(190,10,'Wiper Blade Set','Heavy-duty wiper blade set for Mahindra Bolero',899.00,24,'wiper_blade.jpg','2026-06-28 08:50:28','car',4,19,50),(191,5,'Oil Filter','Genuine Toyota oil filter for Fortuner',899.00,22,'oil_filter.jpg','2026-06-28 08:51:39','car',5,20,45),(192,5,'Air Filter','Premium air filter for Toyota Fortuner',849.00,20,'air_filter.jpg','2026-06-28 08:51:39','car',5,20,40),(193,5,'Fuel Filter','OEM fuel filter for Toyota Fortuner',1599.00,18,'fuel_filter.jpg','2026-06-28 08:51:39','car',5,20,35),(194,2,'Brake Disc','Front brake disc for Toyota Fortuner',6499.00,10,'brake_disc.jpg','2026-06-28 08:51:39','car',5,20,30),(195,3,'Suspension Kit','Heavy-duty suspension kit for Toyota Fortuner',22999.00,5,'suspension_kit.jpg','2026-06-28 08:51:39','car',5,20,25),(196,6,'Radiator','OEM radiator for Toyota Fortuner',12499.00,6,'radiator.jpg','2026-06-28 08:51:39','car',5,20,20),(197,4,'Car Battery','SUV battery for Toyota Fortuner',9499.00,8,'battery.jpg','2026-06-28 08:51:39','car',5,20,15),(198,9,'LED Headlight','LED projector headlight for Toyota Fortuner',13999.00,5,'headlight.jpg','2026-06-28 08:51:39','car',5,20,12),(199,10,'Roof Rack','Premium roof rack for Toyota Fortuner',11999.00,5,'roof_rack.jpg','2026-06-28 08:51:39','car',5,20,10),(200,10,'Alloy Wheel','18-inch alloy wheel for Toyota Fortuner',21999.00,4,'alloy_wheel.jpg','2026-06-28 08:51:39','car',5,20,50),(201,5,'Oil Filter','Genuine Toyota oil filter for Innova Crysta',849.00,24,'oil_filter.jpg','2026-06-28 08:51:39','car',5,21,45),(202,5,'Air Filter','Premium air filter for Toyota Innova Crysta',799.00,22,'air_filter.jpg','2026-06-28 08:51:39','car',5,21,40),(203,5,'Cabin Filter','Cabin AC filter for Toyota Innova Crysta',999.00,18,'cabin_filter.jpg','2026-06-28 08:51:39','car',5,21,35),(204,2,'Brake Pad Set','Premium brake pads for Toyota Innova Crysta',2899.00,15,'brake_pad.jpg','2026-06-28 08:51:39','car',5,21,30),(205,6,'Radiator','OEM radiator for Toyota Innova Crysta',11499.00,7,'radiator.jpg','2026-06-28 08:51:39','car',5,21,25),(206,7,'Clutch Kit','Complete clutch kit for Toyota Innova Crysta',8999.00,7,'clutch_kit.jpg','2026-06-28 08:51:39','car',5,21,20),(207,4,'Car Battery','Maintenance-free battery for Toyota Innova Crysta',8499.00,8,'battery.jpg','2026-06-28 08:51:39','car',5,21,15),(208,9,'Headlight Assembly','OEM headlight assembly for Toyota Innova Crysta',7999.00,6,'headlight.jpg','2026-06-28 08:51:39','car',5,21,12),(209,10,'Floor Mat Set','Premium floor mats for Toyota Innova Crysta',2499.00,15,'floor_mat.jpg','2026-06-28 08:51:39','car',5,21,10),(210,10,'Seat Cover Set','Premium leather seat covers for Toyota Innova Crysta',5499.00,9,'seat_cover.jpg','2026-06-28 08:51:39','car',5,21,50),(211,5,'Oil Filter','Genuine Toyota oil filter for Glanza',749.00,28,'oil_filter.jpg','2026-06-28 08:51:39','car',5,22,45),(212,5,'Air Filter','OEM air filter for Toyota Glanza',699.00,24,'air_filter.jpg','2026-06-28 08:51:39','car',5,22,40),(213,2,'Brake Pad Set','Ceramic brake pads for Toyota Glanza',2499.00,17,'brake_pad.jpg','2026-06-28 08:51:39','car',5,22,35),(214,5,'Cabin Filter','Cabin AC filter for Toyota Glanza',899.00,19,'cabin_filter.jpg','2026-06-28 08:51:39','car',5,22,30),(215,1,'Spark Plug','Long-life spark plug for Toyota Glanza',599.00,35,'spark_plug.jpg','2026-06-28 08:51:39','car',5,22,25),(216,4,'Car Battery','Maintenance-free battery for Toyota Glanza',6999.00,10,'battery.jpg','2026-06-28 08:51:39','car',5,22,20),(217,9,'Fog Lamp','OEM fog lamp for Toyota Glanza',1999.00,15,'fog_lamp.jpg','2026-06-28 08:51:39','car',5,22,15),(218,10,'Wiper Blade Set','All-weather wiper blade set for Toyota Glanza',799.00,25,'wiper_blade.jpg','2026-06-28 08:51:39','car',5,22,12),(219,10,'Floor Mat Set','Premium floor mats for Toyota Glanza',1699.00,20,'floor_mat.jpg','2026-06-28 08:51:39','car',5,22,10),(220,10,'Dash Camera','Full HD dash camera for Toyota Glanza',5499.00,7,'dash_camera.jpg','2026-06-28 08:51:39','car',5,22,50),(221,5,'Oil Filter','Genuine Toyota oil filter for Urban Cruiser Hyryder',849.00,22,'oil_filter.jpg','2026-06-28 08:51:39','car',5,23,45),(222,5,'Air Filter','Premium air filter for Toyota Urban Cruiser Hyryder',799.00,20,'air_filter.jpg','2026-06-28 08:51:39','car',5,23,40),(223,2,'Brake Disc','Front brake disc for Toyota Urban Cruiser Hyryder',4999.00,12,'brake_disc.jpg','2026-06-28 08:51:39','car',5,23,35),(224,6,'Radiator','OEM radiator for Toyota Urban Cruiser Hyryder',9999.00,8,'radiator.jpg','2026-06-28 08:51:39','car',5,23,30),(225,4,'Car Battery','Maintenance-free battery for Toyota Urban Cruiser Hyryder',7999.00,9,'battery.jpg','2026-06-28 08:51:39','car',5,23,25),(226,10,'Roof Rail','Premium roof rails for Toyota Urban Cruiser Hyryder',6499.00,8,'roof_rail.jpg','2026-06-28 08:51:39','car',5,23,20),(227,9,'LED Headlight','LED headlight assembly for Toyota Urban Cruiser Hyryder',9499.00,6,'headlight.jpg','2026-06-28 08:51:39','car',5,23,15),(228,10,'Alloy Wheel','17-inch alloy wheel for Toyota Urban Cruiser Hyryder',16999.00,5,'alloy_wheel.jpg','2026-06-28 08:51:39','car',5,23,12),(229,10,'Seat Cover Set','Premium leather seat covers for Toyota Urban Cruiser Hyryder',4499.00,10,'seat_cover.jpg','2026-06-28 08:51:39','car',5,23,10),(230,10,'Dash Camera','4K dash camera for Toyota Urban Cruiser Hyryder',6999.00,6,'dash_camera.jpg','2026-06-28 08:51:39','car',5,23,50),(231,5,'Oil Filter','Genuine Honda oil filter for City',799.00,25,'oil_filter.jpg','2026-06-28 08:53:14','car',6,24,45),(232,5,'Air Filter','Premium air filter for Honda City',699.00,22,'air_filter.jpg','2026-06-28 08:53:14','car',6,24,40),(233,5,'Cabin Filter','Cabin AC filter for Honda City',899.00,18,'cabin_filter.jpg','2026-06-28 08:53:14','car',6,24,35),(234,2,'Brake Pad Set','Ceramic front brake pads for Honda City',2599.00,16,'brake_pad.jpg','2026-06-28 08:53:14','car',6,24,30),(235,6,'Radiator','OEM radiator for Honda City',8499.00,8,'radiator.jpg','2026-06-28 08:53:14','car',6,24,25),(236,1,'Spark Plug','Long-life spark plug for Honda City',599.00,35,'spark_plug.jpg','2026-06-28 08:53:14','car',6,24,20),(237,4,'Car Battery','12V maintenance-free battery for Honda City',6999.00,10,'battery.jpg','2026-06-28 08:53:14','car',6,24,15),(238,9,'Headlight Assembly','LED headlight assembly for Honda City',6499.00,9,'headlight.jpg','2026-06-28 08:53:14','car',6,24,12),(239,10,'Floor Mat Set','Premium floor mats for Honda City',1799.00,18,'floor_mat.jpg','2026-06-28 08:53:14','car',6,24,10),(240,10,'Seat Cover Set','Leather seat cover set for Honda City',3999.00,12,'seat_cover.jpg','2026-06-28 08:53:14','car',6,24,50),(241,5,'Oil Filter','Genuine Honda oil filter for Amaze',749.00,27,'oil_filter.jpg','2026-06-28 08:53:14','car',6,25,45),(242,5,'Air Filter','OEM air filter for Honda Amaze',699.00,24,'air_filter.jpg','2026-06-28 08:53:14','car',6,25,40),(243,2,'Brake Pad Set','Premium ceramic brake pads for Honda Amaze',2399.00,18,'brake_pad.jpg','2026-06-28 08:53:14','car',6,25,35),(244,6,'Radiator','OEM radiator for Honda Amaze',7999.00,9,'radiator.jpg','2026-06-28 08:53:14','car',6,25,30),(245,4,'Car Battery','Maintenance-free battery for Honda Amaze',6799.00,11,'battery.jpg','2026-06-28 08:53:14','car',6,25,25),(246,9,'Headlight Assembly','OEM headlight assembly for Honda Amaze',5499.00,10,'headlight.jpg','2026-06-28 08:53:14','car',6,25,20),(247,9,'Tail Lamp','Tail lamp assembly for Honda Amaze',2999.00,12,'tail_lamp.jpg','2026-06-28 08:53:14','car',6,25,15),(248,10,'Wiper Blade Set','All-weather wiper blades for Honda Amaze',799.00,25,'wiper_blade.jpg','2026-06-28 08:53:14','car',6,25,12),(249,10,'Floor Mat Set','Premium floor mat set for Honda Amaze',1699.00,20,'floor_mat.jpg','2026-06-28 08:53:14','car',6,25,10),(250,10,'Dash Camera','Full HD dash camera for Honda Amaze',5499.00,7,'dash_camera.jpg','2026-06-28 08:53:14','car',6,25,50),(251,5,'Oil Filter','Genuine Honda oil filter for Elevate',849.00,23,'oil_filter.jpg','2026-06-28 08:53:14','car',6,26,45),(252,5,'Air Filter','Premium air filter for Honda Elevate',799.00,21,'air_filter.jpg','2026-06-28 08:53:14','car',6,26,40),(253,2,'Brake Disc','Front brake disc for Honda Elevate',4999.00,12,'brake_disc.jpg','2026-06-28 08:53:14','car',6,26,35),(254,3,'Suspension Kit','Complete suspension kit for Honda Elevate',18499.00,6,'suspension_kit.jpg','2026-06-28 08:53:14','car',6,26,30),(255,6,'Radiator','OEM radiator for Honda Elevate',9499.00,8,'radiator.jpg','2026-06-28 08:53:14','car',6,26,25),(256,4,'Car Battery','SUV battery for Honda Elevate',7899.00,9,'battery.jpg','2026-06-28 08:53:14','car',6,26,20),(257,9,'LED Headlight','LED projector headlight for Honda Elevate',8999.00,7,'headlight.jpg','2026-06-28 08:53:14','car',6,26,15),(258,10,'Roof Rail','Premium roof rails for Honda Elevate',6499.00,7,'roof_rail.jpg','2026-06-28 08:53:14','car',6,26,12),(259,10,'Alloy Wheel','17-inch alloy wheel for Honda Elevate',15999.00,5,'alloy_wheel.jpg','2026-06-28 08:53:14','car',6,26,10),(260,10,'Seat Cover Set','Premium leather seat covers for Honda Elevate',4499.00,10,'seat_cover.jpg','2026-06-28 08:53:14','car',6,26,50),(261,5,'Oil Filter','Genuine Kia oil filter for Seltos',849.00,24,'oil_filter.jpg','2026-06-28 08:54:24','car',7,27,45),(262,5,'Air Filter','Premium air filter for Kia Seltos',799.00,22,'air_filter.jpg','2026-06-28 08:54:24','car',7,27,40),(263,5,'Cabin Filter','Cabin AC filter for Kia Seltos',999.00,18,'cabin_filter.jpg','2026-06-28 08:54:24','car',7,27,35),(264,2,'Front Brake Pad Set','Premium ceramic brake pads for Kia Seltos',2899.00,15,'brake_pad.jpg','2026-06-28 08:54:24','car',7,27,30),(265,6,'Radiator','OEM radiator for Kia Seltos',9499.00,8,'radiator.jpg','2026-06-28 08:54:24','car',7,27,25),(266,4,'Car Battery','Maintenance-free battery for Kia Seltos',7899.00,10,'battery.jpg','2026-06-28 08:54:24','car',7,27,20),(267,9,'LED Headlight','LED projector headlight for Kia Seltos',9999.00,7,'headlight.jpg','2026-06-28 08:54:24','car',7,27,15),(268,10,'Alloy Wheel','17-inch alloy wheel for Kia Seltos',16999.00,5,'alloy_wheel.jpg','2026-06-28 08:54:24','car',7,27,12),(269,10,'Roof Rail','Premium roof rails for Kia Seltos',6999.00,7,'roof_rail.jpg','2026-06-28 08:54:24','car',7,27,10),(270,10,'Dash Camera','4K dash camera for Kia Seltos',6999.00,6,'dash_camera.jpg','2026-06-28 08:54:24','car',7,27,50),(271,5,'Oil Filter','Genuine Kia oil filter for Sonet',799.00,26,'oil_filter.jpg','2026-06-28 08:54:24','car',7,28,45),(272,5,'Air Filter','OEM air filter for Kia Sonet',749.00,23,'air_filter.jpg','2026-06-28 08:54:24','car',7,28,40),(273,2,'Brake Pad Set','Ceramic brake pads for Kia Sonet',2599.00,16,'brake_pad.jpg','2026-06-28 08:54:24','car',7,28,35),(274,6,'Radiator','OEM radiator for Kia Sonet',8799.00,9,'radiator.jpg','2026-06-28 08:54:24','car',7,28,30),(275,4,'Car Battery','Maintenance-free battery for Kia Sonet',7299.00,11,'battery.jpg','2026-06-28 08:54:24','car',7,28,25),(276,9,'Headlight Assembly','LED headlight assembly for Kia Sonet',6999.00,8,'headlight.jpg','2026-06-28 08:54:24','car',7,28,20),(277,9,'Fog Lamp','OEM fog lamp for Kia Sonet',2499.00,12,'fog_lamp.jpg','2026-06-28 08:54:24','car',7,28,15),(278,10,'Floor Mat Set','Premium floor mats for Kia Sonet',1799.00,20,'floor_mat.jpg','2026-06-28 08:54:24','car',7,28,12),(279,10,'Seat Cover Set','Leather seat covers for Kia Sonet',3999.00,12,'seat_cover.jpg','2026-06-28 08:54:24','car',7,28,10),(280,10,'Wiper Blade Set','All-weather wiper blade set for Kia Sonet',899.00,24,'wiper_blade.jpg','2026-06-28 08:54:24','car',7,28,50),(281,5,'Oil Filter','Genuine Kia oil filter for Carens',849.00,23,'oil_filter.jpg','2026-06-28 08:54:24','car',7,29,45),(282,5,'Air Filter','Premium air filter for Kia Carens',799.00,20,'air_filter.jpg','2026-06-28 08:54:24','car',7,29,40),(283,5,'Cabin Filter','Cabin AC filter for Kia Carens',999.00,17,'cabin_filter.jpg','2026-06-28 08:54:24','car',7,29,35),(284,2,'Brake Pad Set','Premium brake pads for Kia Carens',2899.00,14,'brake_pad.jpg','2026-06-28 08:54:24','car',7,29,30),(285,6,'Radiator','OEM radiator for Kia Carens',9999.00,7,'radiator.jpg','2026-06-28 08:54:24','car',7,29,25),(286,4,'Car Battery','SUV battery for Kia Carens',8199.00,8,'battery.jpg','2026-06-28 08:54:24','car',7,29,20),(287,10,'Roof Carrier','Heavy-duty roof carrier for Kia Carens',8499.00,6,'roof_carrier.jpg','2026-06-28 08:54:24','car',7,29,15),(288,9,'Headlight Assembly','LED headlight assembly for Kia Carens',7999.00,7,'headlight.jpg','2026-06-28 08:54:24','car',7,29,12),(289,10,'Seat Cover Set','Premium leather seat covers for Kia Carens',4999.00,10,'seat_cover.jpg','2026-06-28 08:54:24','car',7,29,10),(290,10,'Dash Camera','4K dash camera for Kia Carens',7499.00,6,'dash_camera.jpg','2026-06-28 08:54:24','car',7,29,50),(291,5,'Oil Filter','Genuine MG oil filter for Hector',899.00,22,'oil_filter.jpg','2026-06-28 08:55:36','car',8,30,45),(292,5,'Air Filter','Premium air filter for MG Hector',849.00,20,'air_filter.jpg','2026-06-28 08:55:36','car',8,30,40),(293,2,'Front Brake Disc','OEM front brake disc for MG Hector',5899.00,10,'brake_disc.jpg','2026-06-28 08:55:36','car',8,30,35),(294,5,'Cabin Filter','Cabin AC filter for MG Hector',1099.00,18,'cabin_filter.jpg','2026-06-28 08:55:36','car',8,30,30),(295,6,'Radiator','OEM radiator for MG Hector',10999.00,8,'radiator.jpg','2026-06-28 08:55:36','car',8,30,25),(296,3,'Shock Absorber','Heavy-duty shock absorber for MG Hector',6499.00,9,'shock_absorber.jpg','2026-06-28 08:55:36','car',8,30,20),(297,4,'Car Battery','Maintenance-free battery for MG Hector',8499.00,8,'battery.jpg','2026-06-28 08:55:36','car',8,30,15),(298,9,'LED Headlight','LED projector headlight for MG Hector',11999.00,6,'headlight.jpg','2026-06-28 08:55:36','car',8,30,12),(299,10,'Alloy Wheel','18-inch alloy wheel for MG Hector',18999.00,5,'alloy_wheel.jpg','2026-06-28 08:55:36','car',8,30,10),(300,10,'Dash Camera','4K dash camera for MG Hector',7499.00,6,'dash_camera.jpg','2026-06-28 08:55:36','car',8,30,50),(301,5,'Oil Filter','Genuine MG oil filter for Astor',849.00,24,'oil_filter.jpg','2026-06-28 08:55:36','car',8,31,45),(302,5,'Air Filter','Premium air filter for MG Astor',799.00,22,'air_filter.jpg','2026-06-28 08:55:36','car',8,31,40),(303,2,'Front Brake Pad Set','Premium ceramic brake pads for MG Astor',2799.00,15,'brake_pad.jpg','2026-06-28 08:55:36','car',8,31,35),(304,5,'Cabin Filter','Cabin AC filter for MG Astor',999.00,18,'cabin_filter.jpg','2026-06-28 08:55:36','car',8,31,30),(305,6,'Radiator','OEM radiator for MG Astor',9499.00,8,'radiator.jpg','2026-06-28 08:55:36','car',8,31,25),(306,4,'Car Battery','Maintenance-free battery for MG Astor',7899.00,10,'battery.jpg','2026-06-28 08:55:36','car',8,31,20),(307,9,'LED Headlight','LED headlight assembly for MG Astor',9499.00,7,'headlight.jpg','2026-06-28 08:55:36','car',8,31,15),(308,10,'Floor Mat Set','Premium floor mats for MG Astor',1999.00,18,'floor_mat.jpg','2026-06-28 08:55:36','car',8,31,12),(309,10,'Seat Cover Set','Premium leather seat covers for MG Astor',4499.00,11,'seat_cover.jpg','2026-06-28 08:55:36','car',8,31,10),(310,9,'Fog Lamp','OEM fog lamp for MG Astor',2699.00,12,'fog_lamp.jpg','2026-06-28 08:55:36','car',8,31,50),(311,5,'Oil Filter','Genuine Volkswagen oil filter for Virtus',849.00,22,'oil_filter.jpg','2026-06-28 08:57:21','car',9,32,45),(312,5,'Air Filter','Premium air filter for Volkswagen Virtus',799.00,20,'air_filter.jpg','2026-06-28 08:57:21','car',9,32,40),(313,2,'Front Brake Pad Set','Premium ceramic brake pads for Volkswagen Virtus',2899.00,15,'brake_pad.jpg','2026-06-28 08:57:21','car',9,32,35),(314,5,'Cabin Filter','Cabin AC filter for Volkswagen Virtus',999.00,18,'cabin_filter.jpg','2026-06-28 08:57:21','car',9,32,30),(315,6,'Radiator','OEM radiator for Volkswagen Virtus',9799.00,8,'radiator.jpg','2026-06-28 08:57:21','car',9,32,25),(316,4,'Car Battery','Maintenance-free battery for Volkswagen Virtus',8099.00,9,'battery.jpg','2026-06-28 08:57:21','car',9,32,20),(317,9,'LED Headlight','LED projector headlight for Volkswagen Virtus',10499.00,7,'headlight.jpg','2026-06-28 08:57:21','car',9,32,15),(318,10,'Alloy Wheel','17-inch alloy wheel for Volkswagen Virtus',16999.00,5,'alloy_wheel.jpg','2026-06-28 08:57:21','car',9,32,12),(319,10,'Floor Mat Set','Premium floor mats for Volkswagen Virtus',1999.00,18,'floor_mat.jpg','2026-06-28 08:57:21','car',9,32,10),(320,10,'Dash Camera','4K dash camera for Volkswagen Virtus',6999.00,6,'dash_camera.jpg','2026-06-28 08:57:21','car',9,32,50),(321,5,'Oil Filter','Genuine Volkswagen oil filter for Taigun',849.00,23,'oil_filter.jpg','2026-06-28 08:57:21','car',9,33,45),(322,5,'Air Filter','Premium air filter for Volkswagen Taigun',799.00,21,'air_filter.jpg','2026-06-28 08:57:21','car',9,33,40),(323,2,'Front Brake Disc','OEM front brake disc for Volkswagen Taigun',5299.00,12,'brake_disc.jpg','2026-06-28 08:57:21','car',9,33,35),(324,3,'Suspension Kit','Complete suspension kit for Volkswagen Taigun',19499.00,6,'suspension_kit.jpg','2026-06-28 08:57:21','car',9,33,30),(325,6,'Radiator','OEM radiator for Volkswagen Taigun',9999.00,8,'radiator.jpg','2026-06-28 08:57:21','car',9,33,25),(326,4,'Car Battery','SUV battery for Volkswagen Taigun',8299.00,8,'battery.jpg','2026-06-28 08:57:21','car',9,33,20),(327,9,'LED Headlight','LED projector headlight for Volkswagen Taigun',10999.00,6,'headlight.jpg','2026-06-28 08:57:21','car',9,33,15),(328,10,'Roof Rail','Premium roof rails for Volkswagen Taigun',6999.00,7,'roof_rail.jpg','2026-06-28 08:57:21','car',9,33,12),(329,10,'Seat Cover Set','Premium leather seat covers for Volkswagen Taigun',4599.00,10,'seat_cover.jpg','2026-06-28 08:57:21','car',9,33,10),(330,9,'Fog Lamp','OEM fog lamp for Volkswagen Taigun',2899.00,11,'fog_lamp.jpg','2026-06-28 08:57:21','car',9,33,50),(331,5,'Oil Filter','Genuine Skoda oil filter for Slavia',849.00,22,'oil_filter.jpg','2026-06-28 08:58:35','car',10,34,45),(332,5,'Air Filter','Premium air filter for Skoda Slavia',799.00,20,'air_filter.jpg','2026-06-28 08:58:35','car',10,34,40),(333,2,'Front Brake Pad Set','Premium ceramic brake pads for Skoda Slavia',2899.00,15,'brake_pad.jpg','2026-06-28 08:58:35','car',10,34,35),(334,5,'Cabin Filter','Cabin AC filter for Skoda Slavia',999.00,18,'cabin_filter.jpg','2026-06-28 08:58:35','car',10,34,30),(335,6,'Radiator','OEM radiator for Skoda Slavia',9999.00,8,'radiator.jpg','2026-06-28 08:58:35','car',10,34,25),(336,4,'Car Battery','Maintenance-free battery for Skoda Slavia',8199.00,9,'battery.jpg','2026-06-28 08:58:35','car',10,34,20),(337,9,'LED Headlight','LED projector headlight for Skoda Slavia',10999.00,6,'headlight.jpg','2026-06-28 08:58:35','car',10,34,15),(338,10,'Alloy Wheel','17-inch alloy wheel for Skoda Slavia',17499.00,5,'alloy_wheel.jpg','2026-06-28 08:58:35','car',10,34,12),(339,10,'Floor Mat Set','Premium floor mats for Skoda Slavia',1999.00,18,'floor_mat.jpg','2026-06-28 08:58:35','car',10,34,10),(340,10,'Dash Camera','4K dash camera for Skoda Slavia',7499.00,6,'dash_camera.jpg','2026-06-28 08:58:35','car',10,34,50),(341,5,'Oil Filter','Genuine Skoda oil filter for Kushaq',849.00,23,'oil_filter.jpg','2026-06-28 08:58:35','car',10,35,45),(342,5,'Air Filter','Premium air filter for Skoda Kushaq',799.00,21,'air_filter.jpg','2026-06-28 08:58:35','car',10,35,40),(343,2,'Front Brake Disc','OEM front brake disc for Skoda Kushaq',5499.00,12,'brake_disc.jpg','2026-06-28 08:58:35','car',10,35,35),(344,3,'Suspension Kit','Complete suspension kit for Skoda Kushaq',19999.00,6,'suspension_kit.jpg','2026-06-28 08:58:35','car',10,35,30),(345,6,'Radiator','OEM radiator for Skoda Kushaq',10499.00,8,'radiator.jpg','2026-06-28 08:58:35','car',10,35,25),(346,4,'Car Battery','SUV battery for Skoda Kushaq',8499.00,8,'battery.jpg','2026-06-28 08:58:35','car',10,35,20),(347,9,'LED Headlight','LED projector headlight for Skoda Kushaq',11499.00,6,'headlight.jpg','2026-06-28 08:58:35','car',10,35,15),(348,10,'Roof Rail','Premium roof rails for Skoda Kushaq',7499.00,7,'roof_rail.jpg','2026-06-28 08:58:35','car',10,35,12),(349,10,'Seat Cover Set','Premium leather seat covers for Skoda Kushaq',4699.00,10,'seat_cover.jpg','2026-06-28 08:58:35','car',10,35,10),(350,9,'Fog Lamp','OEM fog lamp for Skoda Kushaq',2999.00,11,'fog_lamp.jpg','2026-06-28 08:58:35','car',10,35,50),(480,1,'Engine Oil','Premium engine oil for Hero Splendor Plus.',699.00,45,'bike_engine_oil.jpg','2026-06-30 07:40:25','bike',21,67,20),(481,5,'Oil Filter','High quality oil filter for Hero Splendor Plus.',299.00,50,'bike_oil_filter.jpg','2026-06-30 07:40:25','bike',21,67,15),(482,5,'Air Filter','Genuine air filter for Hero Splendor Plus.',349.00,40,'bike_air_filter.jpg','2026-06-30 07:40:25','bike',21,67,20),(483,1,'Spark Plug','NGK spark plug for Hero Splendor Plus.',249.00,60,'bike_spark_plug.jpg','2026-06-30 07:40:25','bike',21,67,15),(484,2,'Front Brake Pad','Premium front brake pad for Hero Xtreme 125R.',799.00,30,'bike_brake_pad.jpg','2026-06-30 07:40:25','bike',21,68,25),(485,2,'Brake Disc','Front brake disc for Hero Xtreme 125R.',1799.00,20,'bike_brake_disc.jpg','2026-06-30 07:40:25','bike',21,68,30),(486,2,'Brake Caliper','Brake caliper assembly.',2499.00,15,'bike_brake_caliper.jpg','2026-06-30 07:40:25','bike',21,68,20),(487,2,'Brake Fluid','DOT4 brake fluid.',399.00,35,'bike_brake_fluid.jpg','2026-06-30 07:40:25','bike',21,68,10),(488,7,'Chain Sprocket Kit','Heavy-duty chain sprocket kit.',2499.00,18,'bike_chain_sprocket.jpg','2026-06-30 07:40:25','bike',21,69,25),(489,7,'Clutch Plate Kit','Complete clutch plate kit.',1899.00,20,'bike_clutch_plate.jpg','2026-06-30 07:40:25','bike',21,69,20),(490,3,'Front Fork','Front suspension fork.',3999.00,12,'bike_front_fork.jpg','2026-06-30 07:40:25','bike',21,69,30),(491,3,'Rear Shock','Rear shock absorber.',2899.00,18,'bike_rear_shock.jpg','2026-06-30 07:40:25','bike',21,69,20),(492,4,'Battery','Maintenance-free battery.',2199.00,22,'bike_battery.jpg','2026-06-30 07:40:25','bike',21,70,15),(493,4,'Ignition Coil','OEM ignition coil.',999.00,30,'bike_ignition_coil.jpg','2026-06-30 07:40:25','bike',21,70,15),(494,4,'Regulator','Voltage regulator.',1399.00,25,'bike_regulator.jpg','2026-06-30 07:40:25','bike',21,70,20),(495,9,'Headlight','LED headlight assembly.',2599.00,15,'bike_headlight.jpg','2026-06-30 07:40:25','bike',21,70,30),(496,8,'Fuel Tank','Original Hero fuel tank.',4999.00,10,'bike_fuel_tank.jpg','2026-06-30 07:40:25','bike',21,71,20),(497,8,'Seat','Comfort seat.',1799.00,18,'bike_seat.jpg','2026-06-30 07:40:25','bike',21,71,15),(498,8,'Side Panel','Left side body panel.',899.00,25,'bike_side_panel.jpg','2026-06-30 07:40:25','bike',21,71,10),(499,10,'Windshield','Premium windshield.',1499.00,20,'bike_windshield.jpg','2026-06-30 07:40:25','bike',21,71,20),(500,1,'Engine Oil','Premium engine oil for Honda Shine.',749.00,50,'bike_engine_oil.jpg','2026-06-30 07:43:53','bike',22,72,20),(501,5,'Oil Filter','High-quality oil filter for Honda Shine.',329.00,45,'bike_oil_filter.jpg','2026-06-30 07:43:53','bike',22,72,15),(502,5,'Air Filter','Genuine air filter for Honda Shine.',379.00,40,'bike_air_filter.jpg','2026-06-30 07:43:53','bike',22,72,20),(503,1,'Spark Plug','NGK spark plug for Honda Shine.',269.00,55,'bike_spark_plug.jpg','2026-06-30 07:43:53','bike',22,72,15),(504,2,'Front Brake Pad','Premium front brake pad for Honda Unicorn.',849.00,35,'bike_brake_pad.jpg','2026-06-30 07:43:53','bike',22,73,25),(505,2,'Brake Disc','Front brake disc for Honda Unicorn.',1899.00,18,'bike_brake_disc.jpg','2026-06-30 07:43:53','bike',22,73,30),(506,2,'Brake Caliper','Brake caliper assembly.',2599.00,15,'bike_brake_caliper.jpg','2026-06-30 07:43:53','bike',22,73,20),(507,2,'Brake Fluid','DOT4 brake fluid.',429.00,30,'bike_brake_fluid.jpg','2026-06-30 07:43:53','bike',22,73,10),(508,7,'Chain Sprocket Kit','Heavy-duty chain sprocket kit.',2599.00,18,'bike_chain_sprocket.jpg','2026-06-30 07:43:53','bike',22,74,25),(509,7,'Clutch Plate Kit','Complete clutch plate kit.',1999.00,20,'bike_clutch_plate.jpg','2026-06-30 07:43:53','bike',22,74,20),(510,3,'Front Fork','Front suspension fork.',4299.00,12,'bike_front_fork.jpg','2026-06-30 07:43:53','bike',22,74,30),(511,3,'Rear Shock','Rear shock absorber.',2999.00,18,'bike_rear_shock.jpg','2026-06-30 07:43:53','bike',22,74,20),(512,4,'Battery','Maintenance-free battery.',2299.00,22,'bike_battery.jpg','2026-06-30 07:43:53','bike',22,75,15),(513,4,'Ignition Coil','OEM ignition coil.',1099.00,28,'bike_ignition_coil.jpg','2026-06-30 07:43:53','bike',22,75,15),(514,4,'Regulator','Voltage regulator.',1499.00,25,'bike_regulator.jpg','2026-06-30 07:43:53','bike',22,75,20),(515,9,'Headlight','LED headlight assembly.',2799.00,15,'bike_headlight.jpg','2026-06-30 07:43:53','bike',22,75,30),(516,8,'Fuel Tank','Original Honda fuel tank.',5299.00,10,'bike_fuel_tank.jpg','2026-06-30 07:43:53','bike',22,76,20),(517,8,'Seat','Comfort seat.',1899.00,18,'bike_seat.jpg','2026-06-30 07:43:53','bike',22,76,15),(518,8,'Side Panel','Side body panel.',999.00,25,'bike_side_panel.jpg','2026-06-30 07:43:53','bike',22,76,10),(519,10,'Windshield','Premium windshield.',1599.00,20,'bike_windshield.jpg','2026-06-30 07:43:53','bike',22,76,20),(520,1,'Engine Oil','Premium synthetic engine oil for TVS Apache RTR 160.',749.00,50,'bike_engine_oil.jpg','2026-06-30 08:22:46','bike',23,77,20),(521,5,'Oil Filter','High-quality oil filter for TVS Apache RTR 160.',349.00,45,'bike_oil_filter.jpg','2026-06-30 08:22:46','bike',23,77,15),(522,5,'Air Filter','Premium air filter for TVS Apache RTR 160.',399.00,40,'bike_air_filter.jpg','2026-06-30 08:22:46','bike',23,77,20),(523,1,'Spark Plug','NGK spark plug for TVS Apache RTR 160.',299.00,55,'bike_spark_plug.jpg','2026-06-30 08:22:46','bike',23,77,15),(524,2,'Front Brake Pad','Premium front brake pad for TVS Apache RTR 200.',899.00,35,'bike_brake_pad.jpg','2026-06-30 08:22:46','bike',23,78,25),(525,2,'Brake Disc','Front brake disc for TVS Apache RTR 200.',1999.00,20,'bike_brake_disc.jpg','2026-06-30 08:22:46','bike',23,78,30),(526,2,'Brake Caliper','Brake caliper assembly.',2799.00,15,'bike_brake_caliper.jpg','2026-06-30 08:22:46','bike',23,78,20),(527,2,'Brake Fluid','DOT4 brake fluid.',449.00,30,'bike_brake_fluid.jpg','2026-06-30 08:22:46','bike',23,78,10),(528,7,'Chain Sprocket Kit','Heavy-duty chain sprocket kit.',2699.00,20,'bike_chain_sprocket.jpg','2026-06-30 08:22:46','bike',23,79,25),(529,7,'Clutch Plate Kit','Complete clutch plate kit.',2099.00,18,'bike_clutch_plate.jpg','2026-06-30 08:22:46','bike',23,79,20),(530,3,'Front Fork','Front suspension fork.',4499.00,12,'bike_front_fork.jpg','2026-06-30 08:22:46','bike',23,79,30),(531,3,'Rear Shock','Rear shock absorber.',3199.00,15,'bike_rear_shock.jpg','2026-06-30 08:22:46','bike',23,79,20),(532,4,'Battery','Maintenance-free battery.',2399.00,25,'bike_battery.jpg','2026-06-30 08:22:46','bike',23,80,15),(533,4,'Ignition Coil','OEM ignition coil.',1199.00,28,'bike_ignition_coil.jpg','2026-06-30 08:22:46','bike',23,80,15),(534,4,'Regulator','Voltage regulator.',1599.00,22,'bike_regulator.jpg','2026-06-30 08:22:46','bike',23,80,20),(535,9,'Headlight','LED headlight assembly.',2899.00,18,'bike_headlight.jpg','2026-06-30 08:22:46','bike',23,80,30),(536,8,'Fuel Tank','Original TVS fuel tank.',5499.00,10,'bike_fuel_tank.jpg','2026-06-30 08:22:46','bike',23,81,20),(537,8,'Seat','Comfort seat.',1999.00,20,'bike_seat.jpg','2026-06-30 08:22:46','bike',23,81,15),(538,8,'Side Panel','Side body panel.',1099.00,25,'bike_side_panel.jpg','2026-06-30 08:22:46','bike',23,81,10),(539,10,'Windshield','Premium windshield.',1699.00,20,'bike_windshield.jpg','2026-06-30 08:22:46','bike',23,81,20),(540,1,'Engine Oil','Premium synthetic engine oil for Bajaj Pulsar N160.',799.00,50,'bike_engine_oil.jpg','2026-06-30 08:25:59','bike',24,82,20),(541,5,'Oil Filter','High-quality oil filter for Bajaj Pulsar N160.',349.00,45,'bike_oil_filter.jpg','2026-06-30 08:25:59','bike',24,82,15),(542,5,'Air Filter','Premium air filter for Bajaj Pulsar N160.',399.00,40,'bike_air_filter.jpg','2026-06-30 08:25:59','bike',24,82,20),(543,1,'Spark Plug','NGK spark plug for Bajaj Pulsar N160.',299.00,55,'bike_spark_plug.jpg','2026-06-30 08:25:59','bike',24,82,15),(544,2,'Front Brake Pad','Premium front brake pad for Bajaj Pulsar NS200.',949.00,35,'bike_brake_pad.jpg','2026-06-30 08:25:59','bike',24,83,25),(545,2,'Brake Disc','Front brake disc for Bajaj Pulsar NS200.',2199.00,20,'bike_brake_disc.jpg','2026-06-30 08:25:59','bike',24,83,30),(546,2,'Brake Caliper','Brake caliper assembly for Pulsar NS200.',2999.00,15,'bike_brake_caliper.jpg','2026-06-30 08:25:59','bike',24,83,20),(547,2,'Brake Fluid','DOT4 brake fluid.',449.00,30,'bike_brake_fluid.jpg','2026-06-30 08:25:59','bike',24,83,10),(548,7,'Chain Sprocket Kit','Heavy-duty chain sprocket kit for Dominar 400.',2999.00,20,'bike_chain_sprocket.jpg','2026-06-30 08:25:59','bike',24,84,25),(549,7,'Clutch Plate Kit','Complete clutch plate kit for Dominar 400.',2399.00,18,'bike_clutch_plate.jpg','2026-06-30 08:25:59','bike',24,84,20),(550,3,'Front Fork','Front suspension fork for Dominar 400.',5499.00,12,'bike_front_fork.jpg','2026-06-30 08:25:59','bike',24,84,30),(551,3,'Rear Shock','Rear shock absorber for Dominar 400.',3599.00,15,'bike_rear_shock.jpg','2026-06-30 08:25:59','bike',24,84,20),(552,4,'Battery','Maintenance-free battery for Avenger 220.',2599.00,25,'bike_battery.jpg','2026-06-30 08:25:59','bike',24,85,15),(553,4,'Ignition Coil','OEM ignition coil.',1299.00,28,'bike_ignition_coil.jpg','2026-06-30 08:25:59','bike',24,85,15),(554,4,'Regulator','Voltage regulator.',1699.00,22,'bike_regulator.jpg','2026-06-30 08:25:59','bike',24,85,20),(555,9,'Headlight','LED headlight assembly.',3199.00,18,'bike_headlight.jpg','2026-06-30 08:25:59','bike',24,85,30),(556,8,'Fuel Tank','Original Bajaj fuel tank for Platina 110.',4799.00,10,'bike_fuel_tank.jpg','2026-06-30 08:25:59','bike',24,86,20),(557,8,'Seat','Comfort seat.',1799.00,20,'bike_seat.jpg','2026-06-30 08:25:59','bike',24,86,15),(558,8,'Side Panel','Side body panel.',999.00,25,'bike_side_panel.jpg','2026-06-30 08:25:59','bike',24,86,10),(559,10,'Windshield','Premium windshield.',1599.00,20,'bike_windshield.jpg','2026-06-30 08:25:59','bike',24,86,20),(560,1,'Engine Oil','Premium synthetic engine oil for Royal Enfield Classic 350.',899.00,50,'bike_engine_oil.jpg','2026-06-30 08:28:23','bike',25,87,20),(561,5,'Oil Filter','High-quality oil filter for Royal Enfield Classic 350.',399.00,45,'bike_oil_filter.jpg','2026-06-30 08:28:23','bike',25,87,15),(562,5,'Air Filter','Premium air filter for Royal Enfield Classic 350.',449.00,40,'bike_air_filter.jpg','2026-06-30 08:28:23','bike',25,87,20),(563,1,'Spark Plug','NGK spark plug for Royal Enfield Classic 350.',349.00,55,'bike_spark_plug.jpg','2026-06-30 08:28:23','bike',25,87,15),(564,2,'Front Brake Pad','Premium front brake pad for Royal Enfield Hunter 350.',999.00,35,'bike_brake_pad.jpg','2026-06-30 08:28:23','bike',25,88,25),(565,2,'Brake Disc','Front brake disc for Royal Enfield Hunter 350.',2499.00,20,'bike_brake_disc.jpg','2026-06-30 08:28:23','bike',25,88,30),(566,2,'Brake Caliper','Brake caliper assembly for Hunter 350.',3299.00,15,'bike_brake_caliper.jpg','2026-06-30 08:28:23','bike',25,88,20),(567,2,'Brake Fluid','DOT4 brake fluid.',499.00,30,'bike_brake_fluid.jpg','2026-06-30 08:28:23','bike',25,88,10),(568,7,'Chain Sprocket Kit','Heavy-duty chain sprocket kit for Meteor 350.',3299.00,20,'bike_chain_sprocket.jpg','2026-06-30 08:28:23','bike',25,89,25),(569,7,'Clutch Plate Kit','Complete clutch plate kit for Meteor 350.',2599.00,18,'bike_clutch_plate.jpg','2026-06-30 08:28:23','bike',25,89,20),(570,3,'Front Fork','Front suspension fork for Meteor 350.',5999.00,12,'bike_front_fork.jpg','2026-06-30 08:28:23','bike',25,89,30),(571,3,'Rear Shock','Rear shock absorber for Meteor 350.',3999.00,15,'bike_rear_shock.jpg','2026-06-30 08:28:23','bike',25,89,20),(572,4,'Battery','Maintenance-free battery for Bullet 350.',2899.00,25,'bike_battery.jpg','2026-06-30 08:28:23','bike',25,90,15),(573,4,'Ignition Coil','OEM ignition coil for Bullet 350.',1499.00,28,'bike_ignition_coil.jpg','2026-06-30 08:28:23','bike',25,90,15),(574,4,'Regulator','Voltage regulator.',1899.00,22,'bike_regulator.jpg','2026-06-30 08:28:23','bike',25,90,20),(575,9,'Headlight','LED headlight assembly.',3599.00,18,'bike_headlight.jpg','2026-06-30 08:28:23','bike',25,90,30),(576,8,'Fuel Tank','Original fuel tank for Interceptor 650.',7999.00,10,'bike_fuel_tank.jpg','2026-06-30 08:28:23','bike',25,91,20),(577,8,'Seat','Premium touring seat for Interceptor 650.',2499.00,20,'bike_seat.jpg','2026-06-30 08:28:23','bike',25,91,15),(578,8,'Side Panel','Side body panel.',1299.00,25,'bike_side_panel.jpg','2026-06-30 08:28:23','bike',25,91,10),(579,10,'Windshield','Premium touring windshield.',2499.00,20,'bike_windshield.jpg','2026-06-30 08:28:23','bike',25,91,20),(580,1,'Engine Oil','Premium synthetic engine oil for Yamaha R15 V4.',899.00,50,'bike_engine_oil.jpg','2026-06-30 08:31:11','bike',26,92,20),(581,5,'Oil Filter','High-quality oil filter for Yamaha R15 V4.',399.00,45,'bike_oil_filter.jpg','2026-06-30 08:31:11','bike',26,92,15),(582,5,'Air Filter','Premium air filter for Yamaha R15 V4.',449.00,40,'bike_air_filter.jpg','2026-06-30 08:31:11','bike',26,92,20),(583,1,'Spark Plug','NGK Iridium spark plug for Yamaha R15 V4.',399.00,55,'bike_spark_plug.jpg','2026-06-30 08:31:11','bike',26,92,15),(584,2,'Front Brake Pad','Premium front brake pad for Yamaha MT15.',999.00,35,'bike_brake_pad.jpg','2026-06-30 08:31:11','bike',26,93,25),(585,2,'Brake Disc','Front brake disc for Yamaha MT15.',2599.00,20,'bike_brake_disc.jpg','2026-06-30 08:31:11','bike',26,93,30),(586,2,'Brake Caliper','Brake caliper assembly for Yamaha MT15.',3499.00,15,'bike_brake_caliper.jpg','2026-06-30 08:31:11','bike',26,93,20),(587,2,'Brake Fluid','DOT4 brake fluid.',499.00,30,'bike_brake_fluid.jpg','2026-06-30 08:31:11','bike',26,93,10),(588,7,'Chain Sprocket Kit','Heavy-duty chain sprocket kit for Yamaha FZ-X.',3399.00,20,'bike_chain_sprocket.jpg','2026-06-30 08:31:11','bike',26,94,25),(589,7,'Clutch Plate Kit','Complete clutch plate kit for Yamaha FZ-X.',2699.00,18,'bike_clutch_plate.jpg','2026-06-30 08:31:11','bike',26,94,20),(590,3,'Front Fork','Front suspension fork for Yamaha FZ-X.',6199.00,12,'bike_front_fork.jpg','2026-06-30 08:31:11','bike',26,94,30),(591,3,'Rear Shock','Rear shock absorber for Yamaha FZ-X.',4199.00,15,'bike_rear_shock.jpg','2026-06-30 08:31:11','bike',26,94,20),(592,4,'Battery','Maintenance-free battery for Yamaha FZS FI.',2999.00,25,'bike_battery.jpg','2026-06-30 08:31:11','bike',26,95,15),(593,4,'Ignition Coil','OEM ignition coil for Yamaha FZS FI.',1599.00,28,'bike_ignition_coil.jpg','2026-06-30 08:31:11','bike',26,95,15),(594,4,'Regulator','Voltage regulator.',1999.00,22,'bike_regulator.jpg','2026-06-30 08:31:11','bike',26,95,20),(595,9,'Headlight','LED headlight assembly.',3899.00,18,'bike_headlight.jpg','2026-06-30 08:31:11','bike',26,95,30),(596,8,'Fuel Tank','Original fuel tank for Yamaha Aerox 155.',8499.00,10,'bike_fuel_tank.jpg','2026-06-30 08:31:11','bike',26,96,20),(597,8,'Seat','Premium comfort seat for Yamaha Aerox 155.',2699.00,20,'bike_seat.jpg','2026-06-30 08:31:11','bike',26,96,15),(598,8,'Side Panel','Side body panel for Aerox 155.',1399.00,25,'bike_side_panel.jpg','2026-06-30 08:31:11','bike',26,96,10),(599,10,'Windshield','Premium windshield for Yamaha Aerox 155.',2699.00,20,'bike_windshield.jpg','2026-06-30 08:31:11','bike',26,96,20),(600,1,'Engine Oil','Premium synthetic engine oil for Suzuki Gixxer.',849.00,50,'bike_engine_oil.jpg','2026-06-30 08:33:38','bike',27,97,20),(601,5,'Oil Filter','High-quality oil filter for Suzuki Gixxer.',379.00,45,'bike_oil_filter.jpg','2026-06-30 08:33:38','bike',27,97,15),(602,5,'Air Filter','Premium air filter for Suzuki Gixxer.',429.00,40,'bike_air_filter.jpg','2026-06-30 08:33:38','bike',27,97,20),(603,1,'Spark Plug','NGK spark plug for Suzuki Gixxer.',349.00,55,'bike_spark_plug.jpg','2026-06-30 08:33:38','bike',27,97,15),(604,2,'Front Brake Pad','Premium front brake pad for Suzuki Gixxer SF.',949.00,35,'bike_brake_pad.jpg','2026-06-30 08:33:38','bike',27,98,25),(605,2,'Brake Disc','Front brake disc for Suzuki Gixxer SF.',2399.00,20,'bike_brake_disc.jpg','2026-06-30 08:33:38','bike',27,98,30),(606,2,'Brake Caliper','Brake caliper assembly for Suzuki Gixxer SF.',3199.00,15,'bike_brake_caliper.jpg','2026-06-30 08:33:38','bike',27,98,20),(607,2,'Brake Fluid','DOT4 brake fluid.',499.00,30,'bike_brake_fluid.jpg','2026-06-30 08:33:38','bike',27,98,10),(608,7,'Chain Sprocket Kit','Heavy-duty chain sprocket kit for Suzuki V-Strom SX.',3199.00,20,'bike_chain_sprocket.jpg','2026-06-30 08:33:38','bike',27,99,25),(609,7,'Clutch Plate Kit','Complete clutch plate kit for Suzuki V-Strom SX.',2499.00,18,'bike_clutch_plate.jpg','2026-06-30 08:33:38','bike',27,99,20),(610,3,'Front Fork','Front suspension fork for Suzuki V-Strom SX.',5899.00,12,'bike_front_fork.jpg','2026-06-30 08:33:38','bike',27,99,30),(611,3,'Rear Shock','Rear shock absorber for Suzuki V-Strom SX.',3899.00,15,'bike_rear_shock.jpg','2026-06-30 08:33:38','bike',27,99,20),(612,4,'Battery','Maintenance-free battery for Suzuki Access 125.',2699.00,25,'bike_battery.jpg','2026-06-30 08:33:38','bike',27,100,15),(613,4,'Ignition Coil','OEM ignition coil for Suzuki Access 125.',1399.00,28,'bike_ignition_coil.jpg','2026-06-30 08:33:38','bike',27,100,15),(614,4,'Regulator','Voltage regulator.',1799.00,22,'bike_regulator.jpg','2026-06-30 08:33:38','bike',27,100,20),(615,9,'Headlight','LED headlight assembly for Suzuki Access 125.',3299.00,18,'bike_headlight.jpg','2026-06-30 08:33:38','bike',27,100,30),(616,8,'Fuel Tank','Original fuel tank for Suzuki Burgman Street.',5999.00,10,'bike_fuel_tank.jpg','2026-06-30 08:33:38','bike',27,101,20),(617,8,'Seat','Premium comfort seat for Suzuki Burgman Street.',2299.00,20,'bike_seat.jpg','2026-06-30 08:33:38','bike',27,101,15),(618,8,'Side Panel','Side body panel for Burgman Street.',1299.00,25,'bike_side_panel.jpg','2026-06-30 08:33:38','bike',27,101,10),(619,10,'Windshield','Premium windshield for Suzuki Burgman Street.',2499.00,20,'bike_windshield.jpg','2026-06-30 08:33:38','bike',27,101,20),(620,1,'Engine Oil','Premium synthetic engine oil for KTM Duke 200.',999.00,50,'bike_engine_oil.jpg','2026-06-30 08:36:14','bike',28,102,20),(621,5,'Oil Filter','High-performance oil filter for KTM Duke 200.',449.00,45,'bike_oil_filter.jpg','2026-06-30 08:36:14','bike',28,102,15),(622,5,'Air Filter','Performance air filter for KTM Duke 200.',499.00,40,'bike_air_filter.jpg','2026-06-30 08:36:14','bike',28,102,20),(623,1,'Spark Plug','NGK Iridium spark plug for KTM Duke 200.',499.00,55,'bike_spark_plug.jpg','2026-06-30 08:36:14','bike',28,102,15),(624,2,'Front Brake Pad','Premium front brake pad for KTM Duke 390.',1199.00,35,'bike_brake_pad.jpg','2026-06-30 08:36:14','bike',28,103,25),(625,2,'Brake Disc','Front brake disc for KTM Duke 390.',2999.00,20,'bike_brake_disc.jpg','2026-06-30 08:36:14','bike',28,103,30),(626,2,'Brake Caliper','Brake caliper assembly for KTM Duke 390.',3999.00,15,'bike_brake_caliper.jpg','2026-06-30 08:36:14','bike',28,103,20),(627,2,'Brake Fluid','High-performance DOT4 brake fluid.',599.00,30,'bike_brake_fluid.jpg','2026-06-30 08:36:14','bike',28,103,10),(628,7,'Chain Sprocket Kit','Racing chain sprocket kit for KTM RC 200.',3799.00,20,'bike_chain_sprocket.jpg','2026-06-30 08:36:14','bike',28,104,25),(629,7,'Clutch Plate Kit','Heavy-duty clutch plate kit for KTM RC 200.',2999.00,18,'bike_clutch_plate.jpg','2026-06-30 08:36:14','bike',28,104,20),(630,3,'Front Fork','WP front suspension fork for KTM RC 200.',7999.00,12,'bike_front_fork.jpg','2026-06-30 08:36:14','bike',28,104,30),(631,3,'Rear Shock','Rear monoshock suspension.',4999.00,15,'bike_rear_shock.jpg','2026-06-30 08:36:14','bike',28,104,20),(632,4,'Battery','Maintenance-free battery for KTM RC 390.',3499.00,25,'bike_battery.jpg','2026-06-30 08:36:14','bike',28,105,15),(633,4,'Ignition Coil','OEM ignition coil for KTM RC 390.',1899.00,28,'bike_ignition_coil.jpg','2026-06-30 08:36:14','bike',28,105,15),(634,4,'Regulator','Voltage regulator.',2399.00,22,'bike_regulator.jpg','2026-06-30 08:36:14','bike',28,105,20),(635,9,'Headlight','LED projector headlight for KTM RC 390.',4999.00,18,'bike_headlight.jpg','2026-06-30 08:36:14','bike',28,105,30),(636,8,'Fuel Tank','Original fuel tank for KTM Adventure 390.',10999.00,10,'bike_fuel_tank.jpg','2026-06-30 08:36:14','bike',28,106,20),(637,8,'Seat','Touring comfort seat for KTM Adventure 390.',3499.00,20,'bike_seat.jpg','2026-06-30 08:36:14','bike',28,106,15),(638,8,'Side Panel','Adventure side body panel.',1899.00,25,'bike_side_panel.jpg','2026-06-30 08:36:14','bike',28,106,10),(639,10,'Windshield','Tall touring windshield for KTM Adventure 390.',3499.00,20,'bike_windshield.jpg','2026-06-30 08:36:14','bike',28,106,20),(640,1,'Engine Oil','Premium synthetic engine oil for Jawa 42.',849.00,50,'bike_engine_oil.jpg','2026-06-30 08:38:42','bike',29,107,20),(641,5,'Oil Filter','High-quality oil filter for Jawa 42.',379.00,45,'bike_oil_filter.jpg','2026-06-30 08:38:42','bike',29,107,15),(642,5,'Air Filter','Premium air filter for Jawa 42.',429.00,40,'bike_air_filter.jpg','2026-06-30 08:38:42','bike',29,107,20),(643,1,'Spark Plug','NGK spark plug for Jawa 42.',349.00,55,'bike_spark_plug.jpg','2026-06-30 08:38:42','bike',29,107,15),(644,2,'Front Brake Pad','Premium front brake pad for Jawa 350.',949.00,35,'bike_brake_pad.jpg','2026-06-30 08:38:42','bike',29,108,25),(645,2,'Brake Disc','Front brake disc for Jawa 350.',2399.00,20,'bike_brake_disc.jpg','2026-06-30 08:38:42','bike',29,108,30),(646,2,'Brake Caliper','Brake caliper assembly for Jawa 350.',3199.00,15,'bike_brake_caliper.jpg','2026-06-30 08:38:42','bike',29,108,20),(647,2,'Brake Fluid','DOT4 brake fluid.',499.00,30,'bike_brake_fluid.jpg','2026-06-30 08:38:42','bike',29,108,10),(648,7,'Chain Sprocket Kit','Heavy-duty chain sprocket kit for Jawa Perak.',3299.00,20,'bike_chain_sprocket.jpg','2026-06-30 08:38:42','bike',29,109,25),(649,7,'Clutch Plate Kit','Complete clutch plate kit for Jawa Perak.',2599.00,18,'bike_clutch_plate.jpg','2026-06-30 08:38:42','bike',29,109,20),(650,3,'Front Fork','Front suspension fork for Jawa Perak.',6199.00,12,'bike_front_fork.jpg','2026-06-30 08:38:42','bike',29,109,30),(651,3,'Rear Shock','Rear shock absorber for Jawa Perak.',4199.00,15,'bike_rear_shock.jpg','2026-06-30 08:38:42','bike',29,109,20),(652,4,'Battery','Maintenance-free battery for Jawa 42 Bobber.',2899.00,25,'bike_battery.jpg','2026-06-30 08:38:42','bike',29,110,15),(653,4,'Ignition Coil','OEM ignition coil for Jawa 42 Bobber.',1499.00,28,'bike_ignition_coil.jpg','2026-06-30 08:38:42','bike',29,110,15),(654,4,'Regulator','Voltage regulator.',1899.00,22,'bike_regulator.jpg','2026-06-30 08:38:42','bike',29,110,20),(655,9,'Headlight','LED headlight assembly for Jawa 42 Bobber.',3599.00,18,'bike_headlight.jpg','2026-06-30 08:38:42','bike',29,110,30),(656,8,'Fuel Tank','Original fuel tank for Jawa 42 Dual Tone.',6799.00,10,'bike_fuel_tank.jpg','2026-06-30 08:38:42','bike',29,111,20),(657,8,'Seat','Premium comfort seat for Jawa 42 Dual Tone.',2399.00,20,'bike_seat.jpg','2026-06-30 08:38:42','bike',29,111,15),(658,8,'Side Panel','Side body panel for Jawa 42 Dual Tone.',1299.00,25,'bike_side_panel.jpg','2026-06-30 08:38:42','bike',29,111,10),(659,10,'Windshield','Premium touring windshield for Jawa 42 Dual Tone.',2499.00,20,'bike_windshield.jpg','2026-06-30 08:38:42','bike',29,111,20),(660,1,'Engine Oil','Premium fully synthetic engine oil for BMW G310R.',1099.00,50,'bike_engine_oil.jpg','2026-06-30 08:42:42','bike',30,112,20),(661,5,'Oil Filter','OEM oil filter for BMW G310R.',499.00,45,'bike_oil_filter.jpg','2026-06-30 08:42:42','bike',30,112,15),(662,5,'Air Filter','High-flow air filter for BMW G310R.',599.00,40,'bike_air_filter.jpg','2026-06-30 08:42:42','bike',30,112,20),(663,1,'Spark Plug','NGK Iridium spark plug for BMW G310R.',599.00,55,'bike_spark_plug.jpg','2026-06-30 08:42:42','bike',30,112,15),(664,2,'Front Brake Pad','Premium front brake pad for BMW G310GS.',1299.00,35,'bike_brake_pad.jpg','2026-06-30 08:42:42','bike',30,113,25),(665,2,'Brake Disc','Front brake disc for BMW G310GS.',3299.00,20,'bike_brake_disc.jpg','2026-06-30 08:42:42','bike',30,113,30),(666,2,'Brake Caliper','Brake caliper assembly for BMW G310GS.',4499.00,15,'bike_brake_caliper.jpg','2026-06-30 08:42:42','bike',30,113,20),(667,2,'Brake Fluid','Premium DOT4 brake fluid.',699.00,30,'bike_brake_fluid.jpg','2026-06-30 08:42:42','bike',30,113,10),(668,7,'Chain Sprocket Kit','Heavy-duty chain sprocket kit for BMW F900R.',4499.00,20,'bike_chain_sprocket.jpg','2026-06-30 08:42:42','bike',30,114,25),(669,7,'Clutch Plate Kit','Complete clutch plate kit for BMW F900R.',3499.00,18,'bike_clutch_plate.jpg','2026-06-30 08:42:42','bike',30,114,20),(670,3,'Front Fork','Front suspension fork for BMW F900R.',9999.00,12,'bike_front_fork.jpg','2026-06-30 08:42:42','bike',30,114,30),(671,3,'Rear Shock','Rear monoshock suspension for BMW F900R.',6999.00,15,'bike_rear_shock.jpg','2026-06-30 08:42:42','bike',30,114,20),(672,4,'Battery','Maintenance-free battery for BMW F850GS.',4299.00,25,'bike_battery.jpg','2026-06-30 08:42:42','bike',30,115,15),(673,4,'Ignition Coil','OEM ignition coil for BMW F850GS.',2299.00,28,'bike_ignition_coil.jpg','2026-06-30 08:42:42','bike',30,115,15),(674,4,'Regulator','Voltage regulator for BMW F850GS.',2799.00,22,'bike_regulator.jpg','2026-06-30 08:42:42','bike',30,115,20),(675,9,'Headlight','LED projector headlight for BMW F850GS.',5999.00,18,'bike_headlight.jpg','2026-06-30 08:42:42','bike',30,115,30),(676,8,'Fuel Tank','Original fuel tank for BMW S1000RR.',14999.00,10,'bike_fuel_tank.jpg','2026-06-30 08:42:42','bike',30,116,20),(677,8,'Seat','Premium racing seat for BMW S1000RR.',4999.00,20,'bike_seat.jpg','2026-06-30 08:42:42','bike',30,116,15),(678,8,'Side Panel','Side fairing panel for BMW S1000RR.',2999.00,25,'bike_side_panel.jpg','2026-06-30 08:42:42','bike',30,116,10),(679,10,'Windshield','Aerodynamic racing windshield for BMW S1000RR.',3999.00,20,'bike_windshield.jpg','2026-06-30 08:42:42','bike',30,116,20);
/*!40000 ALTER TABLE `products` ENABLE KEYS */;
UNLOCK TABLES;

--
-- Table structure for table `ratings`
--

DROP TABLE IF EXISTS `ratings`;
/*!40101 SET @saved_cs_client     = @@character_set_client */;
/*!50503 SET character_set_client = utf8mb4 */;
CREATE TABLE `ratings` (
  `id` int NOT NULL AUTO_INCREMENT,
  `user_id` int DEFAULT NULL,
  `product_id` int DEFAULT NULL,
  `rating` int DEFAULT NULL,
  PRIMARY KEY (`id`)
) ENGINE=InnoDB DEFAULT CHARSET=utf8mb4 COLLATE=utf8mb4_0900_ai_ci;
/*!40101 SET character_set_client = @saved_cs_client */;

--
-- Dumping data for table `ratings`
--

LOCK TABLES `ratings` WRITE;
/*!40000 ALTER TABLE `ratings` DISABLE KEYS */;
/*!40000 ALTER TABLE `ratings` ENABLE KEYS */;
UNLOCK TABLES;

--
-- Table structure for table `settings`
--

DROP TABLE IF EXISTS `settings`;
/*!40101 SET @saved_cs_client     = @@character_set_client */;
/*!50503 SET character_set_client = utf8mb4 */;
CREATE TABLE `settings` (
  `id` int NOT NULL AUTO_INCREMENT,
  `store_name` varchar(100) DEFAULT NULL,
  `email` varchar(100) DEFAULT NULL,
  `phone` varchar(20) DEFAULT NULL,
  `address` text,
  PRIMARY KEY (`id`)
) ENGINE=InnoDB AUTO_INCREMENT=2 DEFAULT CHARSET=utf8mb4 COLLATE=utf8mb4_0900_ai_ci;
/*!40101 SET character_set_client = @saved_cs_client */;

--
-- Dumping data for table `settings`
--

LOCK TABLES `settings` WRITE;
/*!40000 ALTER TABLE `settings` DISABLE KEYS */;
INSERT INTO `settings` VALUES (1,'Automotive Parts Store','admin@gmail.com','9876543210','Hyderabad');
/*!40000 ALTER TABLE `settings` ENABLE KEYS */;
UNLOCK TABLES;

--
-- Table structure for table `users`
--

DROP TABLE IF EXISTS `users`;
/*!40101 SET @saved_cs_client     = @@character_set_client */;
/*!50503 SET character_set_client = utf8mb4 */;
CREATE TABLE `users` (
  `id` int NOT NULL AUTO_INCREMENT,
  `name` varchar(100) NOT NULL,
  `email` varchar(100) NOT NULL,
  `password` varchar(255) NOT NULL,
  `role` varchar(20) DEFAULT 'customer',
  `created_at` timestamp NULL DEFAULT CURRENT_TIMESTAMP,
  `phone` varchar(15) DEFAULT NULL,
  `address` text,
  PRIMARY KEY (`id`),
  UNIQUE KEY `email` (`email`)
) ENGINE=InnoDB AUTO_INCREMENT=47 DEFAULT CHARSET=utf8mb4 COLLATE=utf8mb4_0900_ai_ci;
/*!40101 SET character_set_client = @saved_cs_client */;

--
-- Dumping data for table `users`
--

LOCK TABLES `users` WRITE;
/*!40000 ALTER TABLE `users` DISABLE KEYS */;
INSERT INTO `users` VALUES (1,'test user','test@gmail.com','test@123','customer','2026-06-16 10:00:00',NULL,NULL),(3,'test1','test12@gmail.com','$2b$10$yTZgaTajpuitZjUh7VnRgOm1FbJb0IYT3jsHgUCHX/miPAE3FLS7u','customer','2026-06-16 13:49:06',NULL,NULL),(4,'testcase','testcase@gmail.com','$2b$10$inwE6lQsz5VB92QnX2cwVOmFUXKRASMpgSkGI8ZTG///cYuHIvCGu','customer','2026-06-16 16:10:44',NULL,NULL),(8,'rahul123','rahul123@gmail.com','$2b$10$iikG8I1fxVMThkFA5RfQ4.4u.fYJgXStrlx2d9OgPs5gDwbalCLAq','customer','2026-06-16 17:33:29',NULL,NULL),(10,'rahul12','rahul12@gmail.com','$2b$10$cUO8R0V14XwwPPuJmt4w/u/9suXg67O5F0.fjwvqCSKG1I5v/JSRG','customer','2026-06-16 17:34:39',NULL,NULL),(12,'rahul1298','rahul1298@gmail.com','$2b$10$xeZOk/K/k1O4JDzZdTJ5QurpuzNoXbMPLzJaulGYSYITSEQPAzONS','customer','2026-06-16 17:35:43',NULL,NULL),(13,'saketh','saketh@gmail.com','$2b$10$F/ZbhaJUprSBNMMHFH5xq.Do3MlUvOO1CsK5/LZtbu8WjBLZdGIV.','customer','2026-06-16 17:52:09',NULL,NULL),(14,'saketh1','saketh1@gmail.com','$2b$10$gme37VF2/vSMHi8w0uVT2eCkaoBsgoEdDIyFiuk3U9mZxFDZwlt76','customer','2026-06-16 17:53:23',NULL,NULL),(15,'Saketh2','saketh2@gmail.com','$2b$10$gkG/QRZOCLttCI4wjHXWqOy1Qe1zElBEwH6TyXOhkNNnlmoph0qaG','customer','2026-06-16 18:06:44',NULL,NULL),(16,'Saketh3','saketh3@gmail.com','$2b$10$z5yJzaxoWjVUcUetIWYFL.06JU7auMuKPeLVi1rd4pTKQfZv7u02K','customer','2026-06-16 18:07:56',NULL,NULL),(17,'Saketh4','saketh4@gmail.com','$2b$10$uTnnBjm3LBe.mMf.TTIojeVK8HUgP803P1MGnG3eAvne/HHTDRtDu','customer','2026-06-16 18:09:10',NULL,NULL),(18,'saketh5','saketh5@gmail.com','$2b$10$/o4tlmqqP9zOysz4hyZs6e2XXLmS5j1P8lnLMXHwxzQdRRso.MK8G','customer','2026-06-16 18:27:44',NULL,NULL),(19,'saketh0','saketh0@gmail.com','$2b$10$jC8T8oKU7I3YtnAwZ0LlWeO1TXhpZTC0vxf1t17Vnz/SdjG6FuPlq','customer','2026-06-16 18:37:31',NULL,NULL),(20,'rahul0','rahul0@gmail.com','$2b$10$j0XkHHV9xEzSTNoSc/SoM..bt35cekO.PO9m3Z6iDA/Sphb1ascXq','customer','2026-06-16 18:46:34',NULL,NULL),(21,'rahul2','rahul2@gmail.com','$2b$10$3t34gIuqrgDNkh1BWCZGu.9nIcC1rtSfXAJFCRuk2aNRjH9bYPkU2','customer','2026-06-16 18:47:19',NULL,NULL),(22,'rahul9','rahul9@gmail.com','$2b$10$d3dXFp.i8t0pUsSV2RFSMeLBV/FDgDEBkDjtQ1NevyY99Oa6290kS','customer','2026-06-16 19:13:07',NULL,NULL),(25,'rahul','rahul@gmail.com','$2b$10$HrqAIXyjRP30ZWGo8kBdw.tWmyW9NQhmeNVffxaSzV5n4XdM1tHXu','customer','2026-06-16 19:18:05',NULL,NULL),(26,'rahul1234','rahul1234@gmail.com','$2b$10$GgTL4hUwzMJbwKo6Az/pcOuiBKsw.3JvfESUEKE/AOYJDXQ.11v3.','customer','2026-06-16 19:19:12',NULL,NULL),(27,'manmoha','man@gmail.com','$2b$10$uOixWCwb.toaqRF8NK4dA.vFE6Q8cp8GimJ0nocicC9s5f0U/yfly','customer','2026-06-16 19:22:44',NULL,NULL),(28,'Admin','admin@gmail.com','$2b$10$HrqAIXyjRP30ZWGo8kBdw.tWmyW9NQhmeNVffxaSzV5n4XdM1tHXu','customer','2026-06-16 20:20:58',NULL,NULL),(29,'Saketh01','saketh01@gmail.com','$2b$10$xpRT1Ob4JwEzvkJtCrpEvuKcDCo8kEssZA7o5xVKGl/eosNJYYwLS','customer','2026-06-17 06:23:17',NULL,NULL),(30,'Saketh012','saketh012@gmail.com','$2b$10$8DgZZMLBrwU.GMwrpdY8POAGsqo33KK2ipMhJS0z2hmYF32B9n2q6','customer','2026-06-17 06:23:55',NULL,NULL),(31,'testcase1','testcase1@gmail.com','$2b$10$izynpw9JY2uDmGnG71vqE.TdQF0EtfEwqDm/BzgAi7hmtn87H5M/u','customer','2026-06-17 06:44:12',NULL,NULL),(32,'man','man1@gmail.com','$2b$10$KLh9HxyeUoCRF5R2TlpqmOFaV/M1XzZ.vnQbHkt5BfAUMa8ZDP9tS','customer','2026-06-17 07:32:04',NULL,NULL),(33,'teja1','teja1@gmail.com','$2b$10$s8hdmrwE5S/dBxm0.b2hzOk5i6mTIwwHf3ompsSUy/UVVB3RrnApS','customer','2026-06-17 08:47:42',NULL,NULL),(35,'saketh6','saketh6@gmail.com','$2b$10$v8dbkm/PLMZvYtjQ8v2sEupOKlkiLdxEAOAB1sKy89cuqHxbNuPvK','customer','2026-06-17 09:56:03',NULL,NULL),(36,'rahul22','rahul22@gmail.com','$2b$10$om0ZCQ49VY6TH1L/FkMGluQkNujeuAOWOxiPQ3/1pqmpUTmv8mHma','customer','2026-06-17 10:04:30',NULL,NULL),(37,'rahul','rahul111@gmail.com','$2b$10$SnzLhTmO5.Va1eoPkeO5i.65paZtR2ufLX9biB.29fJXmrWa4AlAy','customer','2026-06-17 10:31:37','2323232323',''),(38,'Teja Goud','Tejagoud@gmail.com','$2b$10$pf2pckI282xaja29jmYaOuLEGpW9XBINGW10wqzrUHSN4vXSXMf3e','admin','2026-06-17 10:39:52',NULL,NULL),(39,'Avatar','Avatar@gmail.com','$2b$10$DxARN/eKrEuCDctbJeY.QOBWQmqleyVYDWKDaBKv9eOqdU9wXt91m','customer','2026-06-17 15:41:44',NULL,NULL),(40,'sakethreddy','Saketh222@gmail.com','$2b$10$biExGHYFWwWgLyCqfeqXEe/C.cTwNC3o4USWDd0eYJsR9Zb.qNi2e','customer','2026-06-17 17:28:52',NULL,NULL),(41,'sky','sky@gmail.com','$2b$10$8jCJ/ceJghzR0cWWOaUfvOQdHhqVmv0bOxiS88crE4DyyoMDpsCfi','customer','2026-06-24 07:14:49',NULL,NULL),(42,'user','user@gmail.com','$2b$10$mnDEcoZL76yYo1Zm2bZOiuqRLKiCLuSbnA.FcagqXaSrOGg1h6Wt6','customer','2026-06-24 16:18:17',NULL,NULL),(43,'rishi','rishi@gmail.com','$2b$10$ZJq1SA2yvL411f4bI8IHo.rWkm2RP/ALs7WSifthNFmc7iZ0oUt4m','customer','2026-06-24 17:56:19',NULL,NULL),(44,'rishi1','rishi1@gmail.com','$2b$10$STt3GIZVW/iXq8DAbUyLiuIrm.JHbNQewW3jMqwSrb.yhmjmgVNSW','customer','2026-06-27 14:09:59',NULL,NULL),(45,'Rakesh','Rakesh@gmail.com','$2b$10$95lt.UcbWQqLHyknaGZ8RulocLeUBUak4oHRZYgE.1wbf4Mal9X5O','customer','2026-06-30 09:40:33',NULL,NULL),(46,'rakeshreddy','Rakeshreddy@gmail.com','$2b$10$uVaT9o5cyTzE0ARmUB7Z2OiRcGNUtrZhvG5AEpY0R3OcfcjNY7Lei','customer','2026-07-03 04:19:02',NULL,NULL);
/*!40000 ALTER TABLE `users` ENABLE KEYS */;
UNLOCK TABLES;

--
-- Table structure for table `wishlist`
--

DROP TABLE IF EXISTS `wishlist`;
/*!40101 SET @saved_cs_client     = @@character_set_client */;
/*!50503 SET character_set_client = utf8mb4 */;
CREATE TABLE `wishlist` (
  `id` int NOT NULL AUTO_INCREMENT,
  `user_id` int DEFAULT NULL,
  `product_id` int DEFAULT NULL,
  `created_at` timestamp NULL DEFAULT CURRENT_TIMESTAMP,
  PRIMARY KEY (`id`),
  UNIQUE KEY `unique_wishlist` (`user_id`,`product_id`)
) ENGINE=InnoDB AUTO_INCREMENT=19 DEFAULT CHARSET=utf8mb4 COLLATE=utf8mb4_0900_ai_ci;
/*!40101 SET character_set_client = @saved_cs_client */;

--
-- Dumping data for table `wishlist`
--

LOCK TABLES `wishlist` WRITE;
/*!40000 ALTER TABLE `wishlist` DISABLE KEYS */;
INSERT INTO `wishlist` VALUES (14,37,350,'2026-06-28 13:00:23'),(15,37,347,'2026-06-28 13:00:26'),(16,37,341,'2026-06-28 13:02:58'),(17,38,349,'2026-06-28 16:48:54'),(18,38,348,'2026-06-28 16:48:56');
/*!40000 ALTER TABLE `wishlist` ENABLE KEYS */;
UNLOCK TABLES;
/*!40103 SET TIME_ZONE=@OLD_TIME_ZONE */;

/*!40101 SET SQL_MODE=@OLD_SQL_MODE */;
/*!40014 SET FOREIGN_KEY_CHECKS=@OLD_FOREIGN_KEY_CHECKS */;
/*!40014 SET UNIQUE_CHECKS=@OLD_UNIQUE_CHECKS */;
/*!40101 SET CHARACTER_SET_CLIENT=@OLD_CHARACTER_SET_CLIENT */;
/*!40101 SET CHARACTER_SET_RESULTS=@OLD_CHARACTER_SET_RESULTS */;
/*!40101 SET COLLATION_CONNECTION=@OLD_COLLATION_CONNECTION */;
/*!40111 SET SQL_NOTES=@OLD_SQL_NOTES */;

-- Dump completed on 2026-07-04 16:55:48
